sid,id,position,created_at,created_meta,updated_at,updated_meta,meta,Borough Location,Park Location,Sports Played,Week Start Date,Week End Date,Sunday's Attendance,Monday's Attendance,Tuesday's Attendance,Wednesday's Attendance,Thursday's Attendance,Friday's Attendance,Saturday's Attendance,Attendance Sum
row-bxcs-3u2d~g4gu,00000000-0000-0000-45EB-3B4F5447C52B,0,1540996344,,1540996344,,{ },Queens,Playground for All Children,"Soccer, Basketball, ultimate Frisbee",2017-04-23T00:00:00,2017-04-22T00:00:00,25,20,30,26,22,100,37,260
row-sgvx.jeuh_zzyg,00000000-0000-0000-CCC1-41BA08ABF8D8,0,1540996344,,1540996344,,{ },Queens,Playground for All Children,Basketball,2017-04-30T00:00:00,2017-05-06T00:00:00,250,95,120,180,400,0,0,1045
row-8hux_rmg8_ngcq,00000000-0000-0000-63AE-D11D5CFF6890,0,1540996344,,1540996344,,{ },Queens,Playground for All Children,Soccer,2017-05-07T00:00:00,2017-05-13T00:00:00,590,180,250,440,550,730,0,2740
row-je6p~nb4t-q77q,00000000-0000-0000-45CE-02DF7311CF9F,0,1540996344,,1540996344,,{ },Queens,Playground for All Children,Pillow Polo,2017-05-14T00:00:00,2017-05-20T00:00:00,550,708,58,680,975,333,670,3974
row-mmti~7pi7-mvbh,00000000-0000-0000-DE08-3DA839F83E0F,0,1540996344,,1540996344,,{ },Queens,Playground for All Children,All sports,2017-05-21T00:00:00,2017-05-27T00:00:00,300,375,280,200,0,370,800,2325
row-95ea_pu7x-f92a,00000000-0000-0000-7881-A1BB87596CCA,0,1540996344,,1540996344,,{ },Queens,Playground for All Children,All Sports,2017-05-28T00:00:00,2017-06-03T00:00:00,0,210,320,280,200,310,210,1530
row-5i28-4ert.jbsp,00000000-0000-0000-D993-E8DDF590A3B0,0,1540996344,,1540996344,,{ },Queens,Playground for All Children,All Sports,2017-04-23T00:00:00,2017-04-29T00:00:00,0,225,320,280,200,310,210,1545
row-8345~68u2.jcci,00000000-0000-0000-E10F-CA0FD04F59CB,0,1540996344,,1540996344,,{ },Queens,Playground for All Children,Soccer,2017-05-28T00:00:00,2017-06-03T00:00:00,1450,0,810,560,850,1250,0,4920
row-cpv9-v8sn~s534,00000000-0000-0000-9460-E95116432200,0,1540996344,,1540996344,,{ },Queens,Playground for All Children,SoftBall,2017-06-04T00:00:00,2017-06-10T00:00:00,850,380,0,325,520,950,700,3725
row-i574.hhdg.883v,00000000-0000-0000-957B-EDAEF741D5B4,0,1540996344,,1540996344,,{ },Queens,Playground for All Children,Numerous Sports,2017-06-11T00:00:00,2017-06-17T00:00:00,0,0,775,495,475,75,395,2215
row-v4tc~vm28_yxa7,00000000-0000-0000-2C68-F65AF0E04C52,0,1540996344,,1540996344,,{ },Queens,Playground for All Children,"Basketball, Rugby, Soccer, Dodgeball, Pillo Polo, Ultimate Frisbee",2017-06-19T00:00:00,2017-06-24T00:00:00,0,175,500,520,626,400,575,2796
row-pfr9-jqui~wgez,00000000-0000-0000-4A41-449B5F241826,0,1540996344,,1540996344,,{ },Bronx,Williamsbridge Oval,"Basketball, soccer, football, track,",2017-05-07T00:00:00,2017-05-13T00:00:00,0,0,25,20,23,26,27,121
row-6xi2-p3wu.ciww,00000000-0000-0000-7BE7-65FEA69C6B0C,0,1540996344,,1540996344,,{ },Bronx,Williamsbridge Oval,"Basketball, soccer, table tennis, football, track",2017-05-14T00:00:00,2017-05-20T00:00:00,0,0,20,22,23,21,20,106
row-i2m9.7d6f-x8be,00000000-0000-0000-A182-13C96DC480A8,0,1540996344,,1540996344,,{ },Bronx,Williamsbridge Oval,"Soccer, basketball, tennis, track, football, kickball",2017-05-21T00:00:00,2017-05-27T00:00:00,0,0,23,26,25,26,27,127
row-mntj-ppaa~t22f,00000000-0000-0000-FF3E-8582FEE42E23,0,1540996344,,1540996344,,{ },Bronx,Williamsbridge Oval,"Soccer, Basketball, Kickball, Football, table tennis",2017-05-28T00:00:00,2017-06-03T00:00:00,0,0,10,30,29,26,15,110
row-cizj~dap2~3iti,00000000-0000-0000-DA49-9A22FCBF6BBF,0,1540996344,,1540996344,,{ },Bronx,Williamsbridge Oval,"Basketball. soccer, table tennis, football, kickball,",2017-06-04T00:00:00,2017-06-10T00:00:00,0,0,25,27,28,27,20,127
row-qm4j~iu42-q42c,00000000-0000-0000-FAEA-DE511BAE41E0,0,1540996344,,1540996344,,{ },Bronx,Williamsbridge Oval,"Basketball, Table tennis, soccer, football, kickball",2017-06-11T00:00:00,2017-06-17T00:00:00,0,0,13,20,23,22,12,90
row-ensw~gbgd~ue5p,00000000-0000-0000-AD22-A2BF5AD5E1B8,0,1540996344,,1540996344,,{ },Bronx,Williamsbridge Oval,"Basketball, baseball, football, soccer, table tennis, track, group games",2017-06-18T00:00:00,2017-06-24T00:00:00,0,0,41,30,39,32,30,172
row-bu5m~5bxu_fehv,00000000-0000-0000-D4C3-00933B3F4AD2,0,1540996344,,1540996344,,{ },Queens,Playground for All Children,"Soccer, Rugby, softball, basketball, and Ultimate Frisbee",2017-06-25T00:00:00,2017-07-01T00:00:00,0,575,450,600,680,675,0,2980
row-r43w_su8a-p5ir,00000000-0000-0000-A97F-DB6142D54207,0,1540996344,,1540996344,,{ },Brooklyn,Sunset Park,Basketball,2017-07-05T00:00:00,2017-07-07T00:00:00,0,0,0,13,18,23,0,54
row-xefm~ajcc_n4ua,00000000-0000-0000-CACB-06E3F0137F14,0,1540996344,,1540996344,,{ },Brooklyn,Sunset Park,Soccer,2017-07-05T00:00:00,2017-07-07T00:00:00,0,0,0,12,32,17,0,61
row-m63r-nxkp~7jst,00000000-0000-0000-08C8-B412A6D9BE9B,0,1540996344,,1540996344,,{ },Brooklyn,Sunset Park,Volleyball,2017-07-05T00:00:00,2017-07-07T00:00:00,0,0,0,13,26,0,0,39
row-3gw8-hju7.u3ji,00000000-0000-0000-95DD-8D359D2C3CE1,0,1540996344,,1540996344,,{ },Brooklyn,Sunset Park,Field Games,2017-07-05T00:00:00,2017-07-07T00:00:00,0,0,0,8,0,9,0,17
row-25gg-t3ke~bdsi,00000000-0000-0000-9F35-229F8402DCD7,0,1540996344,,1540996344,,{ },Brooklyn,Sunset Park,Softball,2017-07-05T00:00:00,2017-07-07T00:00:00,0,0,0,0,0,14,0,14
row-dzu3~zfgr-4p5a,00000000-0000-0000-3FF3-AE2D2F7B4783,0,1540996344,,1540996344,,{ },Brooklyn,Sunset Park,Flag Football,2017-07-05T00:00:00,2017-07-07T00:00:00,0,0,0,0,21,0,0,21
row-4d6j.cbhy-tifj,00000000-0000-0000-5439-23F2182FC771,0,1540996344,,1540996344,,{ },Brooklyn,Sunset Park,Kickball,2017-07-05T00:00:00,2017-07-07T00:00:00,0,0,0,0,20,0,0,20
row-wnwb_s97e.frsb,00000000-0000-0000-0D31-B80A072709C9,0,1540996344,,1540996344,,{ },Bronx,Williamsbridge Oval,"Basketball, soccer, baseball, kickball, flag football, ping pong",2017-06-25T00:00:00,2017-07-01T00:00:00,0,0,45,60,42,36,47,230
row-rwc5-wmrr.hvub,00000000-0000-0000-21C2-78108798DB64,0,1540996344,,1540996344,,{ },Queens,Playground for All Children,"Basketball, Rugby, Baseball, dodgeball,",2017-07-02T00:00:00,2017-07-08T00:00:00,0,550,450,500,400,100,600,2600
row-ika9~wa83.ycir,00000000-0000-0000-D1B3-AAA275CCCD1F,0,1540996344,,1540996344,,{ },Brooklyn,Sunset Park,Basketball,2017-07-10T00:00:00,2017-07-10T00:00:00,0,31,0,0,0,0,0,31
row-h5zg_7xik-h7rv,00000000-0000-0000-8855-02EC2976356F,0,1540996344,,1540996344,,{ },Brooklyn,Sunset Park,Track,2017-07-10T00:00:00,2017-07-10T00:00:00,0,29,0,0,0,0,0,29
row-w4tm-iuq8~gumj,00000000-0000-0000-02B1-ADBE2E6EC0FC,0,1540996344,,1540996344,,{ },Brooklyn,Sunset Park,Soccer,2017-07-10T00:00:00,2017-07-10T00:00:00,0,23,0,0,0,0,0,23
row-7xqk-zwuw_m35f,00000000-0000-0000-8E40-1542B1280B50,0,1540996344,,1540996344,,{ },Brooklyn,Sunset Park,Volleyball,2017-07-10T00:00:00,2017-07-10T00:00:00,0,19,0,0,0,0,0,19
row-i78t.tkdt.xzsp,00000000-0000-0000-1361-E3DD6BDE9545,0,1540996344,,1540996344,,{ },Brooklyn,Sunset Park,Field Games,2017-07-10T00:00:00,2017-07-10T00:00:00,0,18,0,0,0,0,0,18
row-tsc5.87w6.n938,00000000-0000-0000-FF3D-E403721D1991,0,1540996344,,1540996344,,{ },Brooklyn,Sunset Park,Basketball,2017-07-11T00:00:00,2017-07-11T00:00:00,0,0,27,0,0,0,0,27
row-tmuh_7vzx~nikj,00000000-0000-0000-4377-D0920468DCF8,0,1540996344,,1540996344,,{ },Brooklyn,Sunset Park,Kickball,2017-07-11T00:00:00,2017-07-11T00:00:00,0,0,22,0,0,0,0,22
row-2hsg-dq9k_m6qt,00000000-0000-0000-A249-89032D42D65B,0,1540996344,,1540996344,,{ },Brooklyn,Sunset Park,Soccer,2017-07-11T00:00:00,2017-07-11T00:00:00,0,0,24,0,0,0,0,24
row-vzs4~uugv_b57u,00000000-0000-0000-4831-E8036D94782B,0,1540996344,,1540996344,,{ },Brooklyn,Sunset Park,Softball,2017-07-11T00:00:00,2017-07-11T00:00:00,0,0,24,0,0,0,0,24
row-3u75_i88i.gk8w,00000000-0000-0000-9D8D-972A58F00B4F,0,1540996344,,1540996344,,{ },Brooklyn,Sunset Park,Flag Football,2017-07-11T00:00:00,2017-07-11T00:00:00,0,0,15,0,0,0,0,15
row-9y5p~vwdw.5q2v,00000000-0000-0000-675C-B49CE8EAC526,0,1540996344,,1540996344,,{ },Brooklyn,Sunset Park,Basketball,2017-07-12T00:00:00,2017-07-12T00:00:00,0,0,0,17,0,0,0,17
row-bu7d~e3dx~87vx,00000000-0000-0000-663C-EE0D53F125E9,0,1540996344,,1540996344,,{ },Brooklyn,Sunset Park,Track,2017-07-12T00:00:00,2017-07-12T00:00:00,0,0,0,18,0,0,0,18
row-yew9~9ur5_7gag,00000000-0000-0000-52CE-AFD692D6B590,0,1540996344,,1540996344,,{ },Brooklyn,Sunset Park,Free Play,2017-07-12T00:00:00,2017-07-12T00:00:00,0,0,0,20,0,0,0,20
row-u572.nvga_563y,00000000-0000-0000-DA56-0F98430597F5,0,1540996344,,1540996344,,{ },Brooklyn,Sunset Park,Field Games,2017-07-12T00:00:00,2017-07-12T00:00:00,0,0,0,14,0,0,0,14
row-wr29_rua9~rghy,00000000-0000-0000-48EE-748435141AC7,0,1540996344,,1540996344,,{ },Brooklyn,Sunset Park,Family Zumba,2017-07-12T00:00:00,2017-07-12T00:00:00,0,0,0,14,0,0,0,14
row-x5n3.3wg3_sf5f,00000000-0000-0000-945A-B54E7BC9ABE5,0,1540996344,,1540996344,,{ },Bronx,Williamsbridge Oval,"Basketball,soccer, kickball, ping pong, flag football",2017-07-02T00:00:00,2017-07-08T00:00:00,0,0,0,46,42,15,20,123
row-pesm-jjim_fs7v,00000000-0000-0000-C949-CAD5D6DCBD3C,0,1540996344,,1540996344,,{ },Brooklyn,Sunset Park,Field Games,2017-07-13T00:00:00,2017-07-13T00:00:00,0,0,0,0,20,0,0,20
row-hqaa-uih3.pv7j,00000000-0000-0000-B08B-1020A6CAE204,0,1540996344,,1540996344,,{ },Brooklyn,Sunset Park,Soccer,2017-07-13T00:00:00,2017-07-13T00:00:00,0,0,0,0,22,0,0,22
row-9n7b.gpmj-rvis,00000000-0000-0000-44B3-4A4BB6944577,0,1540996344,,1540996344,,{ },Brooklyn,Sunset Park,Basketball,2017-07-13T00:00:00,2017-07-13T00:00:00,0,0,0,0,24,0,0,24
row-ci6m_p3iw-i68z,00000000-0000-0000-4828-23AAB11C82CB,0,1540996344,,1540996344,,{ },Brooklyn,Sunset Park,Kickball,2017-07-13T00:00:00,2017-07-13T00:00:00,0,0,0,0,22,0,0,22
row-7mqd.4xve-s3tp,00000000-0000-0000-4179-442DFE94D0BF,0,1540996344,,1540996344,,{ },Brooklyn,Sunset Park,Basketball,2017-07-14T00:00:00,2017-07-14T00:00:00,0,0,0,0,0,12,0,12
row-eza4_29mq~9kqs,00000000-0000-0000-DDA5-14B26E9B718D,0,1540996344,,1540996344,,{ },Brooklyn,Sunset Park,Track,2017-07-14T00:00:00,2017-07-14T00:00:00,0,0,0,0,0,13,0,13
row-gnpd~8g4a-en5f,00000000-0000-0000-EEF2-23C354380887,0,1540996344,,1540996344,,{ },Brooklyn,Sunset Park,Soccer,2017-07-14T00:00:00,2017-07-14T00:00:00,0,0,0,0,0,19,0,19
row-j9r4.rxsg~23ag,00000000-0000-0000-9836-09543AF8E8B3,0,1540996344,,1540996344,,{ },Brooklyn,Sunset Park,Field Games,2017-07-14T00:00:00,2017-07-14T00:00:00,0,0,0,0,0,17,0,17
row-qz7u_78hx-nb3b,00000000-0000-0000-C9BF-E6669274EE38,0,1540996344,,1540996344,,{ },Brooklyn,Sunset Park,Softball,2017-07-14T00:00:00,2017-07-14T00:00:00,0,0,0,0,0,17,0,17
row-4sdi~etqb_bdan,00000000-0000-0000-9926-C29E76F3886F,0,1540996344,,1540996344,,{ },Queens,Playground for All Children,"Basketball, Rugby, soccer, ultimate frisbee, dodgeball",2017-07-09T00:00:00,2017-07-15T00:00:00,0,520,650,355,525,0,375,2425
row-7q3w.x9fe-gyff,00000000-0000-0000-0246-8A8CB71514D6,0,1540996344,,1540996344,,{ },Bronx,Williamsbridge Oval,"Soccer, Basketball, Kickball, Flag Football,",2017-07-09T00:00:00,2017-07-15T00:00:00,0,0,54,45,47,0,0,146
row-xhqw_9ju4_vqwq,00000000-0000-0000-4EE0-76254362DFE1,0,1540996344,,1540996344,,{ },Brooklyn,Sunset Park,Basketball,2017-07-17T00:00:00,2017-07-17T00:00:00,0,23,0,0,0,0,0,23
row-p82w~w3mj~kxfr,00000000-0000-0000-0BCC-1AB458CB5568,0,1540996344,,1540996344,,{ },Brooklyn,Sunset Park,Basketball,2017-07-18T00:00:00,2017-07-18T00:00:00,0,0,22,0,0,0,0,22
row-yiqq_dc96_nv6i,00000000-0000-0000-10FE-9F9678300776,0,1540996344,,1540996344,,{ },Brooklyn,Sunset Park,Basketball,2017-07-19T00:00:00,2017-07-19T00:00:00,0,0,0,29,0,0,0,29
row-yzq6~wa5y~jh95,00000000-0000-0000-A2F3-6FC9DD127FF4,0,1540996344,,1540996344,,{ },Brooklyn,Sunset Park,Basketball,2017-07-20T00:00:00,2017-07-20T00:00:00,0,0,0,0,18,0,0,18
row-dcue_csmy.ngwp,00000000-0000-0000-4007-1BCF53C03C81,0,1540996344,,1540996344,,{ },Brooklyn,Sunset Park,Track,2017-07-17T00:00:00,2017-07-17T00:00:00,0,18,0,0,0,0,0,18
row-dq4c.wvwu_iejr,00000000-0000-0000-1C0C-93FB51C129A6,0,1540996344,,1540996344,,{ },Brooklyn,Sunset Park,Track,2017-07-19T00:00:00,2017-07-19T00:00:00,0,0,0,25,0,0,0,25
row-x57n.mqxg.kdrf,00000000-0000-0000-A7E8-CF708F5F355E,0,1540996344,,1540996344,,{ },Brooklyn,Sunset Park,Soccer,2017-07-17T00:00:00,2017-07-17T00:00:00,0,30,0,0,0,0,0,30
row-twhs-ca5t-e9kr,00000000-0000-0000-D3C9-CBB1BC4C2B74,0,1540996344,,1540996344,,{ },Brooklyn,Sunset Park,Soccer,2017-07-18T00:00:00,2017-07-18T00:00:00,0,0,20,0,0,0,0,20
row-5gp5.66y9_wwgy,00000000-0000-0000-1E17-57D9BE5641BF,0,1540996344,,1540996344,,{ },Brooklyn,Sunset Park,Soccer,2017-07-20T00:00:00,2017-07-20T00:00:00,0,0,0,0,21,0,0,21
row-4839-rdtq_nn8x,00000000-0000-0000-F1CB-06381DDC7112,0,1540996344,,1540996344,,{ },Brooklyn,Sunset Park,Volleyball,2017-07-17T00:00:00,2017-07-17T00:00:00,0,21,0,0,0,0,0,21
row-fdcv~qcmi-wur4,00000000-0000-0000-8112-1FAFBAB00B29,0,1540996344,,1540996344,,{ },Brooklyn,Sunset Park,Volleyball,2017-07-20T00:00:00,2017-07-20T00:00:00,0,0,0,0,13,0,0,13
row-rb6u~qbza-9zjh,00000000-0000-0000-DB81-B5567EB570F6,0,1540996344,,1540996344,,{ },Brooklyn,Sunset Park,Field Games,2017-07-17T00:00:00,2017-07-17T00:00:00,0,21,0,0,0,0,0,21
row-zfj4~nibh-u8pr,00000000-0000-0000-C7BE-5B37C332F965,0,1540996344,,1540996344,,{ },Brooklyn,Sunset Park,Field Games,2017-07-18T00:00:00,2017-07-18T00:00:00,0,0,13,0,0,0,0,13
row-c47n-sdtw.yycb,00000000-0000-0000-8DC8-E7C83FFE9A28,0,1540996344,,1540996344,,{ },Brooklyn,Sunset Park,Field Games,2017-07-19T00:00:00,2017-07-19T00:00:00,0,0,0,8,0,0,0,8
row-zrza~zkmv.67cp,00000000-0000-0000-950A-6995A7861E15,0,1540996344,,1540996344,,{ },Brooklyn,Sunset Park,Softball,2017-07-18T00:00:00,2017-07-18T00:00:00,0,0,14,0,0,0,0,14
row-9pne~vc25_9zz4,00000000-0000-0000-A244-D05CCEFB2DAA,0,1540996344,,1540996344,,{ },Brooklyn,Sunset Park,Rugby,2017-07-19T00:00:00,2017-07-19T00:00:00,0,0,0,14,0,0,0,14
row-aatf.2mvy_ac5s,00000000-0000-0000-9F2B-39232DAC37E5,0,1540996344,,1540996344,,{ },Brooklyn,Sunset Park,Family Zumba,2017-07-19T00:00:00,2017-07-19T00:00:00,0,0,0,13,0,0,0,13
row-r6nc.a7jy_u4fn,00000000-0000-0000-F572-00A3DB042700,0,1540996344,,1540996344,,{ },Brooklyn,Sunset Park,Kickball,2017-07-18T00:00:00,2017-07-18T00:00:00,0,0,16,0,0,0,0,16
row-tegq_t57s_7trn,00000000-0000-0000-FFB2-DC737475A68A,0,1540996344,,1540996344,,{ },Brooklyn,Sunset Park,Kickball,2017-07-20T00:00:00,2017-07-20T00:00:00,0,0,0,0,18,0,0,18
row-gne2.mwa4.48qz,00000000-0000-0000-7DDE-E9593A338E92,0,1540996344,,1540996344,,{ },Brooklyn,Sunset Park,Softball,2017-07-21T00:00:00,2017-07-21T00:00:00,0,0,0,0,0,11,0,11
row-gi2h~vmih-2yps,00000000-0000-0000-B00E-63295135E373,0,1540996344,,1540996344,,{ },Brooklyn,Sunset Park,Track,2017-07-21T00:00:00,2017-07-21T00:00:00,0,0,0,0,0,21,0,21
row-aasd_h6hf~avdk,00000000-0000-0000-140D-52BEE7E2972E,0,1540996344,,1540996344,,{ },Brooklyn,Sunset Park,Soccer,2017-07-21T00:00:00,2017-07-21T00:00:00,0,0,0,0,0,14,0,14
row-398y.gb2z-c6z3,00000000-0000-0000-CD22-3F9E23FD59E1,0,1540996344,,1540996344,,{ },Brooklyn,Sunset Park,Basketball,2017-07-21T00:00:00,2017-07-21T00:00:00,0,0,0,0,0,23,0,23
row-rgmn.aqu3-rgw6,00000000-0000-0000-3F1A-D62009CD0F01,0,1540996344,,1540996344,,{ },Queens,Playground for All Children,"Paddle Ball, Soccer, Ultimate Frisbee, Rugby, Softball",2017-07-16T00:00:00,2017-07-22T00:00:00,0,520,450,355,425,0,375,2125
row-spr7~2uga.pm5n,00000000-0000-0000-BF34-D5363B49FB1E,0,1540996344,,1540996344,,{ },Brooklyn,Sunset Park,Track,2017-07-24T00:00:00,2017-07-24T00:00:00,0,7,0,0,0,0,0,7
row-njyu-xdc7~c2ru,00000000-0000-0000-C885-189586F0D452,0,1540996344,,1540996344,,{ },Brooklyn,Sunset Park,Soccer,2017-07-24T00:00:00,2017-07-24T00:00:00,0,30,0,0,0,0,0,30
row-uvsw-f8x8_zpkd,00000000-0000-0000-8DEE-6A2190270745,0,1540996344,,1540996344,,{ },Brooklyn,Sunset Park,Volleyball,2017-07-24T00:00:00,2017-07-24T00:00:00,0,11,0,0,0,0,0,11
row-3feu_5uny-frfy,00000000-0000-0000-2AF1-9F61561BA1BE,0,1540996344,,1540996344,,{ },Brooklyn,Sunset Park,Field Games,2017-07-24T00:00:00,2017-07-24T00:00:00,0,8,0,0,0,0,0,8
row-3f9v.p234_rswz,00000000-0000-0000-BB8B-811292EAA7DE,0,1540996344,,1540996344,,{ },Brooklyn,Sunset Park,Basketball,2017-07-25T00:00:00,2017-07-25T00:00:00,0,0,31,0,0,0,0,31
row-57jf~5idk-djdd,00000000-0000-0000-EC10-2B8733437F4F,0,1540996344,,1540996344,,{ },Brooklyn,Sunset Park,Soccer,2017-07-25T00:00:00,2017-07-25T00:00:00,0,0,22,0,0,0,0,22
row-swji_h8x9-jvtz,00000000-0000-0000-0E54-8ED577D823B3,0,1540996344,,1540996344,,{ },Brooklyn,Sunset Park,Softball,2017-07-25T00:00:00,2017-07-25T00:00:00,0,0,19,0,0,0,0,19
row-4qmv.cvj3_em5s,00000000-0000-0000-0E72-3384CB4C6441,0,1540996344,,1540996344,,{ },Brooklyn,Sunset Park,Flag Football,2017-07-25T00:00:00,2017-07-25T00:00:00,0,0,17,0,0,0,0,17
row-dzyh~vbdu_s233,00000000-0000-0000-E6AD-855B71A53248,0,1540996344,,1540996344,,{ },Brooklyn,Sunset Park,Kickball,2017-07-25T00:00:00,2017-07-25T00:00:00,0,0,25,0,0,0,0,25
row-cuaw~vz9c-cpjd,00000000-0000-0000-6AF6-8991FB411F90,0,1540996344,,1540996344,,{ },Brooklyn,Sunset Park,Basketball,2017-07-26T00:00:00,2017-07-26T00:00:00,0,0,0,31,0,0,0,31
row-gfbs.25vy.7e6k,00000000-0000-0000-947B-5CF66D69DC58,0,1540996344,,1540996344,,{ },Brooklyn,Sunset Park,Track,2017-07-26T00:00:00,2017-07-26T00:00:00,0,0,0,23,0,0,0,23
row-8vcs~achj_4nzr,00000000-0000-0000-6772-7D9EE42739B2,0,1540996344,,1540996344,,{ },Brooklyn,Sunset Park,Soccer,2017-07-26T00:00:00,2017-07-26T00:00:00,0,0,0,14,0,0,0,14
row-5v99.prjn~dr73,00000000-0000-0000-C4D2-573CE976BAB0,0,1540996344,,1540996344,,{ },Brooklyn,Sunset Park,Softball,2017-07-26T00:00:00,2017-07-26T00:00:00,0,0,0,17,0,0,0,17
row-4g3j-vsxn.92tb,00000000-0000-0000-5F25-1E187BE9B124,0,1540996344,,1540996344,,{ },Brooklyn,Sunset Park,Field Games,2017-07-26T00:00:00,2017-07-26T00:00:00,0,0,0,14,0,0,0,14
row-7vgr_i6f3-6saf,00000000-0000-0000-57D4-CF15FFF88432,0,1540996344,,1540996344,,{ },Bronx,Williamsbridge Oval,"Basketball, soccer, flag football, kickball",2017-07-16T00:00:00,2017-07-22T00:00:00,0,0,47,48,74,46,55,270
row-7zc6.qdgf-dqu8,00000000-0000-0000-AA7B-F42F525A0C7F,0,1540996344,,1540996344,,{ },Brooklyn,Sunset Park,Flag Football,2017-07-27T00:00:00,2017-07-27T00:00:00,0,0,0,0,17,0,0,17
row-nzii-h3c8.y6n5,00000000-0000-0000-C98C-8649599FA474,0,1540996344,,1540996344,,{ },Brooklyn,Sunset Park,Basketball,2017-07-27T00:00:00,2017-07-27T00:00:00,0,0,0,0,26,0,0,26
row-9bvj_yvyn-pmcj,00000000-0000-0000-79D9-877A2837FD02,0,1540996344,,1540996344,,{ },Brooklyn,Sunset Park,Red Bull Soccer Clinic 1st Session,2017-07-27T00:00:00,2017-07-27T00:00:00,0,0,0,0,38,0,0,38
row-gt65~3kjn~wifw,00000000-0000-0000-0D2F-677BA7B70A91,0,1540996344,,1540996344,,{ },Brooklyn,Sunset Park,Red Bull Soccer Clinic 2nd Session,2017-07-27T00:00:00,2017-07-27T00:00:00,0,0,0,0,24,0,0,24
row-k5s8_5x7d_8fh7,00000000-0000-0000-D820-BF7516CBB073,0,1540996344,,1540996344,,{ },Brooklyn,Sunset Park,Volleyball,2017-07-27T00:00:00,2017-07-27T00:00:00,0,0,0,0,17,0,0,17
row-6r5v_whbh~vmce,00000000-0000-0000-C591-1917C45C4371,0,1540996344,,1540996344,,{ },Queens,Playground for All Children,"Basketball, paddleball, rugby, dodgeball, soccer",2017-07-23T00:00:00,2017-07-29T00:00:00,0,0,330,250,230,300,250,1360
row-nyku_9wgz_smnx,00000000-0000-0000-DF08-42510F06DAD0,0,1540996344,,1540996344,,{ },Brooklyn,Sunset Park,Volleyball,2017-07-31T00:00:00,2017-07-31T00:00:00,0,21,0,0,0,0,0,21
row-4269.uxeh-qmyr,00000000-0000-0000-1CF5-E5EFEFC02DFE,0,1540996344,,1540996344,,{ },Brooklyn,Sunset Park,Soccer,2017-07-31T00:00:00,2017-07-31T00:00:00,0,24,0,0,0,0,0,24
row-74ih-dues_xj6m,00000000-0000-0000-D68D-8B748C62966E,0,1540996344,,1540996344,,{ },Brooklyn,Sunset Park,Field Games,2017-07-31T00:00:00,2017-07-31T00:00:00,0,19,0,0,0,0,0,19
row-28kn-ug9x_d2zk,00000000-0000-0000-A5DE-90D9FC8B9B78,0,1540996344,,1540996344,,{ },Brooklyn,Sunset Park,Track,2017-07-31T00:00:00,2017-07-31T00:00:00,0,28,0,0,0,0,0,28
row-jhj5-burm~emn9,00000000-0000-0000-5D72-238CBAB83700,0,1540996344,,1540996344,,{ },Brooklyn,Sunset Park,Basketball,2017-07-31T00:00:00,2017-07-31T00:00:00,0,35,0,0,0,0,0,35
row-m4qu-hebn~cfji,00000000-0000-0000-9238-F35E8D7B1FF2,0,1540996344,,1540996344,,{ },Brooklyn,Sunset Park,Track,2017-08-28T00:00:00,2017-08-28T00:00:00,0,0,0,0,0,30,0,30
row-gs7b-m575~xeds,00000000-0000-0000-2141-D0690353A816,0,1540996344,,1540996344,,{ },Brooklyn,Sunset Park,Flag Football,2017-08-28T00:00:00,2017-08-28T00:00:00,0,0,0,0,0,16,0,16
row-jvk3.5ks3-u9xi,00000000-0000-0000-ED36-C4FE757279F8,0,1540996344,,1540996344,,{ },Brooklyn,Sunset Park,Basketball,2017-08-28T00:00:00,2017-08-28T00:00:00,0,0,0,0,0,33,0,33
row-gxcu~78eu_twed,00000000-0000-0000-6D1B-97DD1946DE43,0,1540996344,,1540996344,,{ },Brooklyn,Sunset Park,Soccer,2017-08-28T00:00:00,2017-08-28T00:00:00,0,0,0,0,0,21,0,21
row-5zrr~ihkv_pv8h,00000000-0000-0000-F0B5-1799E8D59E72,0,1540996344,,1540996344,,{ },Brooklyn,Sunset Park,Softball,2017-08-28T00:00:00,2017-08-28T00:00:00,0,0,0,0,0,16,0,16
row-sedn-87r9-hpgn,00000000-0000-0000-320E-CB1FD62482FD,0,1540996344,,1540996344,,{ },Bronx,Williamsbridge Oval,"Basketball, Soccer, Flag Football, Kickball, Group Games",2017-07-23T00:00:00,2017-07-29T00:00:00,0,0,41,0,56,98,0,195
row-hmpc-7nnt~e5sn,00000000-0000-0000-08EB-D60601D1FDEC,0,1540996344,,1540996344,,{ },Brooklyn,Sunset Park,Softball,2017-08-01T00:00:00,2017-08-01T00:00:00,0,0,17,0,0,0,0,17
row-uxwi_4cpn-tvue,00000000-0000-0000-F13F-A0EECBFB34A1,0,1540996344,,1540996344,,{ },Brooklyn,Sunset Park,Soccer,2017-08-01T00:00:00,2017-08-01T00:00:00,0,0,22,0,0,0,0,22
row-epvr~7ue6_gtc7,00000000-0000-0000-CB85-61B5617DFB59,0,1540996344,,1540996344,,{ },Brooklyn,Sunset Park,Kickball,2017-08-01T00:00:00,2017-08-01T00:00:00,0,0,28,0,0,0,0,28
row-5dqf-nvxj-bcjy,00000000-0000-0000-77B2-69C78538D469,0,1540996344,,1540996344,,{ },Brooklyn,Sunset Park,Basketball,2017-08-01T00:00:00,2017-08-01T00:00:00,0,0,34,0,0,0,0,34
row-8are_c79a~m4jm,00000000-0000-0000-ED20-F6A3EBCE8EE1,0,1540996344,,1540996344,,{ },Staten Island,CPL. Thompson Park,"Softball, Kickball, Wiffleball, Ultimate Frisbee",2017-07-11T00:00:00,2017-07-15T00:00:00,0,0,17,0,0,11,0,28
row-e2m2_rh5s~8t74,00000000-0000-0000-1FEA-23BEE5645AC5,0,1540996344,,1540996344,,{ },Staten Island,Dugan Playground,"Softball, Kickball, Wiffleball",2017-07-11T00:00:00,2017-07-15T00:00:00,0,0,14,0,0,0,0,14
row-gayt.2pa8~za8f,00000000-0000-0000-A25E-A5B5CDC82F52,0,1540996344,,1540996344,,{ },Staten Island,Schmul Park,"Softball, Kickball, Wiffleball, Basketball",2017-07-11T00:00:00,2017-07-15T00:00:00,0,0,48,0,7,0,287,342
row-tkfq.uhed_6ge8,00000000-0000-0000-B725-E17F5333BB15,0,1540996344,,1540996344,,{ },Staten Island,Cedar Grove,Volleyball,2017-07-11T00:00:00,2017-07-15T00:00:00,0,0,0,6,0,0,0,6
row-dfdj_2g6q.tg2g,00000000-0000-0000-41D4-D558464D9DE1,0,1540996344,,1540996344,,{ },Staten Island,Midland Beach,Volleyball/Spikeball,2017-07-11T00:00:00,2017-07-15T00:00:00,0,0,0,24,0,0,0,24
row-ens4-7p4a~6dcp,00000000-0000-0000-8A6D-7C3EACCC419E,0,1540996344,,1540996344,,{ },Brooklyn,Sunset Park,Flag Football,2017-08-02T00:00:00,2017-08-02T00:00:00,0,0,0,17,0,0,0,17
row-7t76~vsi2-ycxg,00000000-0000-0000-91EB-E6776C86EA4E,0,1540996344,,1540996344,,{ },Brooklyn,Sunset Park,Basketball,2017-08-02T00:00:00,2017-08-02T00:00:00,0,0,0,23,0,0,0,23
row-324q_aqax_zq99,00000000-0000-0000-A2B2-51C91C5FB05C,0,1540996344,,1540996344,,{ },Brooklyn,Sunset Park,Track,2017-08-02T00:00:00,2017-08-02T00:00:00,0,0,0,18,0,0,0,18
row-7r4q~qdy6_2n6e,00000000-0000-0000-EDA6-B39C622A0CBE,0,1540996344,,1540996344,,{ },Brooklyn,Sunset Park,Ultimate Frisbee,2017-08-02T00:00:00,2017-08-02T00:00:00,0,0,0,17,0,0,0,17
row-4b68-cv59.x5uk,00000000-0000-0000-E376-D73F375C91FF,0,1540996344,,1540996344,,{ },Brooklyn,Sunset Park,Family Zumba,2017-08-02T00:00:00,2017-08-02T00:00:00,0,0,0,15,0,0,0,15
row-2ckg.wxad.ucf8,00000000-0000-0000-F66B-801F48380986,0,1540996344,,1540996344,,{ },Brooklyn,Sunset Park,Field Games,2017-08-03T00:00:00,2017-08-03T00:00:00,0,0,0,0,17,0,0,17
row-6mmb~5unh.cnut,00000000-0000-0000-BB1F-8F99B6A5C4F9,0,1540996344,,1540996344,,{ },Brooklyn,Sunset Park,Volleyball,2017-08-03T00:00:00,2017-08-03T00:00:00,0,0,0,0,18,0,0,18
row-ruxz-vw9c_yzzz,00000000-0000-0000-FEBB-D4479A68F96C,0,1540996344,,1540996344,,{ },Brooklyn,Sunset Park,Basketball,2017-08-03T00:00:00,2017-08-03T00:00:00,0,0,0,0,33,0,0,33
row-8m2j_cqg9.4dhv,00000000-0000-0000-1E76-CBE11E356750,0,1540996344,,1540996344,,{ },Brooklyn,Sunset Park,Kickball,2017-08-03T00:00:00,2017-08-03T00:00:00,0,0,0,0,25,0,0,25
row-finq.8zwh-bmm3,00000000-0000-0000-7F27-0962113B2956,0,1540996344,,1540996344,,{ },Brooklyn,Sunset Park,Soccer,2017-08-03T00:00:00,2017-08-03T00:00:00,0,0,0,0,22,0,0,22
row-z84r.d92g~ydx3,00000000-0000-0000-6F4A-D1BF0FCD1976,0,1540996344,,1540996344,,{ },Brooklyn,Sunset Park,Softball,2017-08-04T00:00:00,2017-08-04T00:00:00,0,0,0,0,0,14,0,14
row-bdtr_crgm_2vfx,00000000-0000-0000-D086-F7CF4FC9932D,0,1540996344,,1540996344,,{ },Brooklyn,Sunset Park,Track,2017-08-04T00:00:00,2017-08-04T00:00:00,0,0,0,0,0,14,0,14
row-afmn~sms9.9b7c,00000000-0000-0000-23E9-44143D125952,0,1540996344,,1540996344,,{ },Brooklyn,Sunset Park,Flag Football,2017-08-04T00:00:00,2017-08-04T00:00:00,0,0,0,0,0,14,0,14
row-5qau-6a9w.98gn,00000000-0000-0000-8B77-6F1904F14F49,0,1540996344,,1540996344,,{ },Queens,Playground for All Children,"Basketball, Soccer, Dodgeball, Paddle ball,",2017-07-30T00:00:00,2017-08-05T00:00:00,0,330,275,310,300,265,310,1790
row-8idk-dr23-s5xp,00000000-0000-0000-908C-63CFDDC52DE4,0,1540996344,,1540996344,,{ },Brooklyn,Sunset Park,Field Games,2017-08-07T00:00:00,2017-08-07T00:00:00,0,13,0,0,0,0,0,13
row-aqju.epbg_zm3p,00000000-0000-0000-099D-C88944F621B7,0,1540996344,,1540996344,,{ },Brooklyn,Sunset Park,Track,2017-08-07T00:00:00,2017-08-07T00:00:00,0,14,0,0,0,0,0,14
row-y3u3-53xv.x2a2,00000000-0000-0000-15DB-7751BA13F7E4,0,1540996344,,1540996344,,{ },Brooklyn,Sunset Park,Soccer,2017-08-07T00:00:00,2017-08-07T00:00:00,0,16,0,0,0,0,0,16
row-2ir8.t2ef~qwuu,00000000-0000-0000-C677-36BB4A210687,0,1540996344,,1540996344,,{ },Brooklyn,Sunset Park,Volleyball,2017-08-07T00:00:00,2017-08-07T00:00:00,0,14,0,0,0,0,0,14
row-e4jv-dyes-xd59,00000000-0000-0000-D927-E930A6879E6E,0,1540996344,,1540996344,,{ },Bronx,Williamsbridge Oval,"Basketball, Soccer, Flag Football, Kickball, Track",2017-07-30T00:00:00,2017-08-05T00:00:00,0,0,66,41,80,55,15,257
row-bqjs_b3ef~2nd6,00000000-0000-0000-4E91-B4281AAE4A3D,0,1540996344,,1540996344,,{ },Manhattan,Thomas Jefferson Park,Dodgeball & Basketball,2017-07-25T00:00:00,2017-07-29T00:00:00,0,0,300,201,149,332,220,1202
row-6rbd-eiwh_cric,00000000-0000-0000-02A0-A4664461E7FB,0,1540996344,,1540996344,,{ },Manhattan,Thomas Jefferson Park,Football & Tag,2017-07-18T00:00:00,2017-07-22T00:00:00,0,0,200,1502,300,250,150,2402
row-gcfc.bxv4_mvdi,00000000-0000-0000-E981-DDE6EC510E6B,0,1540996344,,1540996344,,{ },Brooklyn,Sunset Park,Basketball,2017-08-09T00:00:00,2017-08-09T00:00:00,0,0,0,20,0,0,0,20
row-6rzy~bhni~kxcf,00000000-0000-0000-7173-9A59C4257CC4,0,1540996344,,1540996344,,{ },Brooklyn,Sunset Park,Track,2017-08-09T00:00:00,2017-08-09T00:00:00,0,0,0,0,21,0,0,21
row-a8ax_vxg7~ih9s,00000000-0000-0000-0B33-ADDF76FC9487,0,1540996344,,1540996344,,{ },Brooklyn,Sunset Park,Field Games,2017-08-09T00:00:00,2017-08-09T00:00:00,0,0,0,13,0,0,0,13
row-9zd3.4fnd~ffx7,00000000-0000-0000-5BE7-185AE9467216,0,1540996344,,1540996344,,{ },Brooklyn,Sunset Park,Ultimate Frisbee,2017-08-09T00:00:00,2017-08-09T00:00:00,0,0,0,16,0,0,0,16
row-cfsz-22ik_j4g9,00000000-0000-0000-377C-A2F73A201A5B,0,1540996344,,1540996344,,{ },Brooklyn,Sunset Park,Family Zumba,2017-08-09T00:00:00,2017-08-09T00:00:00,0,0,0,11,0,0,0,11
row-2h9y_wjbw_aqri,00000000-0000-0000-4EB3-9D4DE8B0DA44,0,1540996344,,1540996344,,{ },Brooklyn,Sunset Park,Kickball,2017-08-09T00:00:00,2017-08-09T00:00:00,0,0,0,15,0,0,0,15
row-xdbb-f2zk.vsim,00000000-0000-0000-3524-9F094196BC3F,0,1540996344,,1540996344,,{ },Brooklyn,Sunset Park,Flag Football,2017-08-10T00:00:00,2017-08-10T00:00:00,0,0,0,0,13,0,0,13
row-prpk~spqw.7u5r,00000000-0000-0000-6A59-498879356AF2,0,1540996344,,1540996344,,{ },Brooklyn,Sunset Park,Field Games,2017-08-10T00:00:00,2017-08-10T00:00:00,0,0,0,0,16,0,0,16
row-a3d8~bq6e~b7hu,00000000-0000-0000-CE1B-77374DDE0CFA,0,1540996344,,1540996344,,{ },Brooklyn,Sunset Park,Basketball,2017-08-10T00:00:00,2017-08-10T00:00:00,0,0,0,0,27,0,0,27
row-dbdg~eees~yg38,00000000-0000-0000-4836-1C4ED614F80F,0,1540996344,,1540996344,,{ },Brooklyn,Sunset Park,Kickball,2017-08-10T00:00:00,2017-08-10T00:00:00,0,0,0,0,23,0,0,23
row-w34n_tsbk_sqk7,00000000-0000-0000-F303-42743A399F68,0,1540996344,,1540996344,,{ },Brooklyn,Sunset Park,Soccer,2017-08-10T00:00:00,2017-08-10T00:00:00,0,0,0,0,20,0,0,20
row-4gjk_f87u.u6ke,00000000-0000-0000-0886-DC27EF090C2F,0,1540996344,,1540996344,,{ },Brooklyn,Sunset Park,Field Games,2017-08-14T00:00:00,2017-08-14T00:00:00,0,11,0,0,0,0,0,11
row-pfac_gqwu-xjdz,00000000-0000-0000-E683-6B41C669BD69,0,1540996344,,1540996344,,{ },Brooklyn,Sunset Park,Basketball,2017-08-14T00:00:00,2017-08-14T00:00:00,0,20,0,0,0,0,0,20
row-bbij_ib2e~wgc5,00000000-0000-0000-236E-A2D01A950E78,0,1540996344,,1540996344,,{ },Brooklyn,Sunset Park,Track,2017-08-14T00:00:00,2017-08-14T00:00:00,0,20,0,0,0,0,0,20
row-fq5m.jtfy_vrpj,00000000-0000-0000-2A5A-E8A3F57F562C,0,1540996344,,1540996344,,{ },Brooklyn,Sunset Park,Soccer,2017-08-14T00:00:00,2017-08-14T00:00:00,0,14,0,0,0,0,0,14
row-c3i5_jz2r.2nba,00000000-0000-0000-8422-C73E8FE72FDE,0,1540996344,,1540996344,,{ },Brooklyn,Sunset Park,Softball,2017-08-14T00:00:00,2017-08-14T00:00:00,0,12,0,0,0,0,0,12
row-9ekt-6dz9-53de,00000000-0000-0000-2FC0-573E85C9D421,0,1540996344,,1540996344,,{ },Bronx,Williamsbridge Oval,"Basketball, Soccer, Kickball, Tennis, Flag Football, Street Hockey, Table Tennis",2017-08-06T00:00:00,2017-08-12T00:00:00,0,0,62,48,64,49,43,266
row-vv2k_fwuq_v3hi,00000000-0000-0000-7914-CC2BF4E512E6,0,1540996344,,1540996344,,{ },Brooklyn,Sunset Park,Soccer,2017-08-15T00:00:00,2017-08-15T00:00:00,0,0,11,0,0,0,0,11
row-fb35~zipm-zygu,00000000-0000-0000-365D-CB562F7F22B7,0,1540996344,,1540996344,,{ },Brooklyn,Sunset Park,Kickball,2017-08-15T00:00:00,2017-08-15T00:00:00,0,0,10,0,0,0,0,10
row-i3jk~irpw~zuc3,00000000-0000-0000-41B7-EDA17CE710A8,0,1540996344,,1540996344,,{ },Brooklyn,Sunset Park,Free Play,2017-08-15T00:00:00,2017-08-15T00:00:00,0,0,20,0,0,0,0,20
row-75kx.y7zc~bvvy,00000000-0000-0000-569E-6109BF8CA3D3,0,1540996344,,1540996344,,{ },Brooklyn,Sunset Park,Kickball,2017-08-17T00:00:00,2017-08-17T00:00:00,0,0,0,0,19,0,0,19
row-axqx_tsn9~gzxj,00000000-0000-0000-4ED8-39F3F6A7527F,0,1540996344,,1540996344,,{ },Brooklyn,Sunset Park,Soccer,2017-08-17T00:00:00,2017-08-17T00:00:00,0,0,0,0,17,0,0,17
row-kq2g-5x7h_8qmv,00000000-0000-0000-99DA-74EF07EC0C95,0,1540996344,,1540996344,,{ },Brooklyn,Sunset Park,Volleyball,2017-08-17T00:00:00,2017-08-17T00:00:00,0,0,0,0,13,0,0,13
row-eipk-8a2u.685x,00000000-0000-0000-9B8A-5D1421AE818A,0,1540996344,,1540996344,,{ },Brooklyn,Sunset Park,Basketball,2017-08-17T00:00:00,2017-08-17T00:00:00,0,0,0,0,19,0,0,19
row-nypj-uicz_dgqr,00000000-0000-0000-5E52-905368A19EA1,0,1540996344,,1540996344,,{ },Brooklyn,Sunset Park,Flag Football,2017-08-17T00:00:00,2017-08-17T00:00:00,0,0,0,0,6,0,0,6
row-q9d9-av4i.uvzx,00000000-0000-0000-0762-B323E768821A,0,1540996344,,1540996344,,{ },Brooklyn,Sunset Park,Child's Tumbling,2017-08-11T00:00:00,2017-08-11T00:00:00,0,0,0,0,0,19,0,19
row-4a6h_5vuy.aknm,00000000-0000-0000-3D70-26258A081EEE,0,1540996344,,1540996344,,{ },Brooklyn,Sunset Park,Field Games,2017-08-11T00:00:00,2017-08-11T00:00:00,0,0,0,0,0,15,0,15
row-9yif~qbmm.svna,00000000-0000-0000-8237-3B5C284479E9,0,1540996344,,1540996344,,{ },Brooklyn,Sunset Park,Track,2017-08-11T00:00:00,2017-08-11T00:00:00,0,0,0,0,0,28,0,28
row-9sa9.xpmz~7hhd,00000000-0000-0000-DAB1-9B2310359AF6,0,1540996344,,1540996344,,{ },Brooklyn,Sunset Park,Basketball,2017-08-11T00:00:00,2017-08-11T00:00:00,0,0,0,0,0,36,0,36
row-2rqu.yqpb-fk9g,00000000-0000-0000-C97C-57D2051B4315,0,1540996344,,1540996344,,{ },Brooklyn,Sunset Park,Flag Football,2017-08-11T00:00:00,2017-08-11T00:00:00,0,0,0,0,0,22,0,22
row-qqyi_3ice.vgn2,00000000-0000-0000-A6F4-55E13CCF608E,0,1540996344,,1540996344,,{ },Brooklyn,Sunset Park,Basketball,2017-08-18T00:00:00,2017-08-18T00:00:00,0,0,0,0,0,7,0,7
row-6gac~8ae7-mjgg,00000000-0000-0000-0A33-6E45CFC0D800,0,1540996344,,1540996344,,{ },Brooklyn,Sunset Park,Track,2017-08-18T00:00:00,2017-08-18T00:00:00,0,0,0,0,0,8,0,8
row-hxpe-n4mk_rs57,00000000-0000-0000-92B1-AAE59D512695,0,1540996344,,1540996344,,{ },Bronx,Williamsbridge Oval,"Basketball, Kickball, Soccer, Tennis, Flag Football, Group Games, Ping-Pong",2017-08-13T00:00:00,2017-08-19T00:00:00,0,0,22,0,45,50,58,175
row-uewv-bqvv.tfzk,00000000-0000-0000-2EF0-D9746709E3C4,0,1540996344,,1540996344,,{ },Brooklyn,Sunset Park,Basketball,2017-08-21T00:00:00,2017-08-21T00:00:00,0,11,0,0,0,0,0,11
row-h4nn~mnah~2zhr,00000000-0000-0000-A0B2-50F6F3A7FC2D,0,1540996344,,1540996344,,{ },Brooklyn,Sunset Park,Track,2017-08-21T00:00:00,2017-08-21T00:00:00,0,13,0,0,0,0,0,13
row-48sz.be9w_a43g,00000000-0000-0000-0385-064C7FAA4F19,0,1540996344,,1540996344,,{ },Brooklyn,Sunset Park,Soccer,2017-08-21T00:00:00,2017-08-21T00:00:00,0,12,0,0,0,0,0,12
row-2cvx_6ttd~kurr,00000000-0000-0000-9110-2078C67DFACF,0,1540996344,,1540996344,,{ },Brooklyn,Sunset Park,Volleyball,2017-08-21T00:00:00,2017-08-21T00:00:00,0,7,0,0,0,0,0,7
row-w3ng-znz5.nf3g,00000000-0000-0000-35C9-8008EA809DAE,0,1540996344,,1540996344,,{ },Brooklyn,Sunset Park,Field Games,2017-08-21T00:00:00,2017-08-21T00:00:00,0,6,0,0,0,0,0,6
row-65ps.zgj8~7bsb,00000000-0000-0000-A057-90B37876D0D3,0,1540996344,,1540996344,,{ },Brooklyn,Sunset Park,Softball,2017-08-22T00:00:00,2017-08-22T00:00:00,0,0,14,0,0,0,0,14
row-gccf~uvjq~qhhg,00000000-0000-0000-48BF-F6A8A6ED203B,0,1540996344,,1540996344,,{ },Brooklyn,Sunset Park,Free Play,2017-08-22T00:00:00,2017-08-22T00:00:00,0,0,9,0,0,0,0,9
row-8sts~jste_acxb,00000000-0000-0000-7965-B969A0549FFC,0,1540996344,,1540996344,,{ },Brooklyn,Sunset Park,Basketball,2017-08-22T00:00:00,2017-08-22T00:00:00,0,0,13,0,0,0,0,13
row-dkef~w9tg-q3bf,00000000-0000-0000-F31E-292133203253,0,1540996344,,1540996344,,{ },Brooklyn,Sunset Park,Track,2017-08-22T00:00:00,2017-08-22T00:00:00,0,0,20,0,0,0,0,20
row-atrv~m56c.m2eb,00000000-0000-0000-FD3D-C57EA80A4B49,0,1540996344,,1540996344,,{ },Brooklyn,Sunset Park,Kickball,2017-08-22T00:00:00,2017-08-22T00:00:00,0,0,20,0,0,0,0,20
row-umn4.5jgm~4vtx,00000000-0000-0000-38DE-EB6A1B66C5E2,0,1540996344,,1540996344,,{ },Brooklyn,Sunset Park,Soccer,2017-08-22T00:00:00,2017-08-22T00:00:00,0,0,22,0,0,0,0,22
row-m3jb.tr7u-nnek,00000000-0000-0000-C903-681D26879E0B,0,1540996344,,1540996344,,{ },Manhattan,Thomas Jefferson Park,Football and frisbee Tag,2017-08-01T00:00:00,2017-08-05T00:00:00,0,0,300,100,250,350,400,1400
row-z3q2-herk~wvam,00000000-0000-0000-9056-3B3EBDC3F6AD,0,1540996344,,1540996344,,{ },Manhattan,Thomas Jefferson Park,Basketball and Football,2017-08-08T00:00:00,2017-08-12T00:00:00,0,0,0,250,300,250,100,900
row-bq5z.hq6h.fbm8,00000000-0000-0000-E181-7FDB0B175156,0,1540996344,,1540996344,,{ },Manhattan,Thomas Jefferson Park,Flag Football,2017-08-15T00:00:00,2017-08-19T00:00:00,0,0,150,300,400,80,70,1000
row-cjxr.48vj-262q,00000000-0000-0000-BF26-1324914AB6F3,0,1540996344,,1540996344,,{ },Queens,Playground for All Children,"Soccer, basketball, dodgeball, Ultimate Frisbee",2017-08-06T00:00:00,2017-08-12T00:00:00,0,0,150,175,200,75,195,795
row-95nr.4rkd~kjb2,00000000-0000-0000-1A9F-0B03B2F22983,0,1540996344,,1540996344,,{ },Brooklyn,Sunset Park,Soccer,2017-08-24T00:00:00,2017-08-24T00:00:00,0,0,0,0,22,0,0,22
row-jiq4_xvhz-tttu,00000000-0000-0000-B5A5-84F05EDEF2DD,0,1540996344,,1540996344,,{ },Brooklyn,Sunset Park,Basketball,2017-08-24T00:00:00,2017-08-24T00:00:00,0,0,0,0,15,0,0,15
row-chpz~pbap~aw3h,00000000-0000-0000-EA2C-1C626F9E54DB,0,1540996344,,1540996344,,{ },Brooklyn,Sunset Park,Kickball,2017-08-24T00:00:00,2017-08-24T00:00:00,0,0,0,0,19,0,0,19
row-t2va_sn7z~buks,00000000-0000-0000-00D3-20BF7AA82D55,0,1540996344,,1540996344,,{ },Brooklyn,Sunset Park,Free play,2017-08-25T00:00:00,2017-08-25T00:00:00,0,0,0,0,0,15,0,15
row-7ize.tn4y.vpdk,00000000-0000-0000-496F-578E9F8EEC5B,0,1540996344,,1540996344,,{ },Brooklyn,Sunset Park,Basketball,2017-08-25T00:00:00,2017-08-25T00:00:00,0,0,0,0,0,14,0,14
row-x85x_6me9-uu2j,00000000-0000-0000-0B97-6F59EC913A7F,0,1540996344,,1540996344,,{ },Brooklyn,Sunset Park,Track,2017-08-25T00:00:00,2017-08-25T00:00:00,0,0,0,0,0,22,0,22
row-e52f.q9jr~nu7z,00000000-0000-0000-9A40-D7E6E9D5FB5E,0,1540996344,,1540996344,,{ },Brooklyn,Sunset Park,Soccer,2017-08-25T00:00:00,2017-08-25T00:00:00,0,0,0,0,0,12,0,12
row-yu47-h69w~6zsh,00000000-0000-0000-7EAB-5B692074B08E,0,1540996344,,1540996344,,{ },Brooklyn,Sunset Park,Bowling,2017-08-23T00:00:00,2017-08-23T00:00:00,0,0,0,17,0,0,0,17
row-shff_p3n9_6y5i,00000000-0000-0000-5692-984CD3304020,0,1540996344,,1540996344,,{ },Brooklyn,Sunset Park,Track,2017-08-23T00:00:00,2017-08-23T00:00:00,0,0,0,10,0,0,0,10
row-u5de-thzf-vsxn,00000000-0000-0000-3934-87129BDE6624,0,1540996344,,1540996344,,{ },Brooklyn,Sunset Park,Basketball,2017-08-23T00:00:00,2017-08-23T00:00:00,0,0,0,7,0,0,0,7
row-tiaw_7uvx.xij5,00000000-0000-0000-A9A9-41B7523BC56B,0,1540996344,,1540996344,,{ },Brooklyn,Sunset Park,Ultimate Frisbee,2017-08-23T00:00:00,2017-08-23T00:00:00,0,0,0,6,0,0,0,6
row-pzia.xgxc~5b5s,00000000-0000-0000-ACE7-BF26CDDF7BAF,0,1540996344,,1540996344,,{ },Brooklyn,Sunset Park,Zumba,2017-08-23T00:00:00,2017-08-23T00:00:00,0,0,0,7,0,0,0,7
row-m73z.jdf9.ttpu,00000000-0000-0000-A0A8-F879D33F2094,0,1540996344,,1540996344,,{ },Bronx,Williamsbridge Oval,"Basketball, Kickball, Soccer, Tennis, Ping-Pong, Volleyball, Flag-Football, Dodgeball",2017-08-20T00:00:00,2017-08-26T00:00:00,0,0,22,59,45,57,57,240
row-tqa8.fc44.drx2,00000000-0000-0000-40DB-DBE49C395AA2,0,1540996344,,1540996344,,{ },Queens,Playground for All Children,"Basketball, Soccer, Dodgeball, Ultimate Frisbee",2017-08-13T00:00:00,2017-08-19T00:00:00,0,250,230,0,250,0,220,950
row-jqbg.eubn.dpi5,00000000-0000-0000-7A8B-952616670985,0,1540996344,,1540996344,,{ },Manhattan,Thomas Jefferson Park,Basketball drills,2017-08-22T00:00:00,2017-08-26T00:00:00,0,0,200,300,250,150,50,950
row-9ezv-dr24.v7cu,00000000-0000-0000-5737-84E1AF8B25D1,0,1540996344,,1540996344,,{ },Manhattan,Thomas Jefferson Park,"Flag Football, Basketball, Soccer",2017-08-29T00:00:00,2017-09-02T00:00:00,0,0,130,300,200,80,100,810
row-ewsz~iuqu~ehba,00000000-0000-0000-C1F9-9CF8A2A363AF,0,1540996344,,1540996344,,{ },Bronx,Williamsbridge Oval,"Basketball, Soccer, Tennis, Kickball, Ping-Pong, Flag-Football",2017-08-27T00:00:00,2017-09-02T00:00:00,0,0,52,45,51,47,50,245
row-y9v8-v5np-9r8b,00000000-0000-0000-FF77-E2A20E959126,0,1540996344,,1540996344,,{ },Queens,Playground for All Children,"Soccer, basketball, dodgeball, handball",2017-08-20T00:00:00,2017-08-26T00:00:00,0,200,250,210,0,175,250,1085
row-a8sj-ehcd-r7td,00000000-0000-0000-5114-AABFF5A3F52F,0,1540996344,,1540996344,,{ },Queens,Playground for All Children,"Basketball, Soccer, Handball, Free play, cricket",2017-08-27T00:00:00,2017-09-02T00:00:00,0,75,150,100,115,120,230,790
row-n575-6nkm~zypr,00000000-0000-0000-F2B9-BFF20A6862E3,0,1540996344,,1540996344,,{ },Queens,Playground for All Children,"Basketball, Handball, Soccer, Dodgeball",2017-09-03T00:00:00,2017-09-09T00:00:00,0,105,120,100,110,100,220,755
row-2yua~c5kc_75nw,00000000-0000-0000-C6F5-10AC40DE5E65,0,1540996344,,1540996344,,{ },Manhattan,Thomas Jefferson Park,Soccer and Football,2017-09-05T00:00:00,2017-09-09T00:00:00,0,0,100,200,80,150,50,580
row-gfzy.my55-qyf7,00000000-0000-0000-A856-D5F83D55C28C,0,1540996344,,1540996344,,{ },Bronx,Williamsbridge Oval,"Soccer, Dodgeball, Basketball, Kickball, Tennis, Flag-Football",2017-09-03T00:00:00,2017-09-09T00:00:00,0,23,25,20,26,0,40,134
row-3dem_uv3x.jxn9,00000000-0000-0000-EFD4-F3726F1979AD,0,1540996344,,1540996344,,{ },Bronx,Williamsbridge Oval,"Basketball, Soccer, Tennis, Flag- football, Dodgeball",2017-09-10T00:00:00,2017-09-16T00:00:00,0,25,22,26,29,28,25,155
row-8jd2.jaxr.rshy,00000000-0000-0000-CB6F-C93B6987F5F4,0,1540996344,,1540996344,,{ },Queens,Playground for All Children,"Basketball, Soccer, Dodgeball, ultimate frisbee",2017-09-10T00:00:00,2017-09-16T00:00:00,0,150,95,100,110,100,120,675
row-t2jp.c893.b79u,00000000-0000-0000-D02A-36D99512E12C,0,1540996344,,1540996344,,{ },Bronx,Williamsbridge Oval,"Soccer, Ping pong, Football, Dodgeball",2017-09-17T00:00:00,2017-09-23T00:00:00,0,21,18,25,20,18,23,125
row-saea~v97b_ijsd,00000000-0000-0000-B169-27664E9280B7,0,1540996344,,1540996344,,{ },Bronx,Williamsbridge Oval,"Basketball, Soccer, Tennis, Kickball",2017-09-24T00:00:00,2017-09-30T00:00:00,0,20,22,26,23,21,18,130
row-r6ia-ni73-ia36,00000000-0000-0000-8E38-CE05D1561954,0,1540996344,,1540996344,,{ },Queens,Playground for All Children,"Basketball, Soccer, Dodgeball, Rugby",2017-09-17T00:00:00,2017-09-23T00:00:00,0,0,120,100,110,105,140,575
row-aigv.gbf7~f4bs,00000000-0000-0000-ACE8-3CFF7479F78C,0,1540996344,,1540996344,,{ },Queens,Playground for All Children,"Basketball, Soccer, Dodgeball, Ultimate Frisbee",2017-09-24T00:00:00,2017-09-30T00:00:00,0,0,125,98,110,105,144,582
row-9b6a-4c35~dsmc,00000000-0000-0000-E318-84B3AEFC4354,0,1540996344,,1540996344,,{ },Manhattan,Thomas Jefferson Park,"Dodgeball, Football, Soccer.",2017-09-12T00:00:00,2017-09-16T00:00:00,0,0,175,90,200,130,100,695
row-nshn_d44h.nhsc,00000000-0000-0000-11F3-5EF74752054B,0,1540996344,,1540996344,,{ },Bronx,Williamsbridge Oval,"Basketball, Soccer, Tennis, Kickball, Football",2017-10-01T00:00:00,2017-10-07T00:00:00,0,27,29,25,26,21,20,148
row-u445_ay5s-h7wg,00000000-0000-0000-E57B-5076E9700066,0,1540996344,,1540996344,,{ },Queens,Playground for All Children,"Basketball, Ultimate Frisbee, Dodgeball, Soccer",2017-10-01T00:00:00,2017-10-07T00:00:00,0,0,95,110,250,220,150,825
row-wriq-7t26~vamj,00000000-0000-0000-2EF1-42E197F114B7,0,1540996344,,1540996344,,{ },Queens,Playground for All Children,"Basketball, Dodgeball, Soccer",2017-10-08T00:00:00,2017-10-14T00:00:00,0,0,97,112,85,120,154,568
row-gtwt_9w6t_hs4p,00000000-0000-0000-CD1B-48A07C780E44,0,1540996344,,1540996344,,{ },Manhattan,Thomas Jefferson Park,Flag Football,2017-09-26T00:00:00,2017-09-30T00:00:00,0,0,70,100,120,90,45,425
row-bjsy_s5kh.ugyk,00000000-0000-0000-486B-BD4D7B5D005A,0,1540996344,,1540996344,,{ },Manhattan,Thomas Jefferson Park,Basketball Dodgeball Flag Football,2017-10-03T00:00:00,2017-10-07T00:00:00,0,0,75,130,100,130,100,535
row-7ydb-73qd~agsr,00000000-0000-0000-791F-98AAD6AB8604,0,1540996344,,1540996344,,{ },Bronx,Williamsbridge Oval,"flag football, track & field",2018-05-06T00:00:00,2018-05-12T00:00:00,0,0,0,47,20,0,0,67
row-zdw4.43ds_jdys,00000000-0000-0000-224E-7B8922419338,0,1540996344,,1540996344,,{ },Bronx,Williamsbridge Oval,"Frisbee, Softball, Pickelball, Football",2018-05-13T00:00:00,2018-05-19T00:00:00,0,19,19,0,18,7,0,63
row-xnn8.wrf6_smg2,00000000-0000-0000-CE9B-F8E8493A66C6,0,1540996344,,1540996344,,{ },Bronx,Williamsbridge Oval,"Basketball, Soccer, Track & Field",2018-05-20T00:00:00,2018-05-26T00:00:00,0,16,0,7,25,11,0,59
row-mkxh~tjtk.bbtf,00000000-0000-0000-A21B-FE35F9C6365D,0,1540996344,,1540996344,,{ },Queens,Playground for All Children,"Lacrosse, basketball, football, soccer, baseball",2018-05-27T00:00:00,2018-06-02T00:00:00,0,0,200,385,223,246,616,1670
row-5tht.8e7q~3nxh,00000000-0000-0000-71B6-3E63ACCDA76E,0,1540996344,,1540996344,,{ },Queens,Playground for All Children,"Basketball, Soccer, Football",2018-04-15T00:00:00,2018-04-21T00:00:00,0,0,0,12,0,17,0,29
row-2gp5.4pek~yjwh,00000000-0000-0000-8CD0-13FE5D5BC933,0,1540996344,,1540996344,,{ },Queens,Playground for All Children,"Baseball, Soccer, football",2018-04-22T00:00:00,2018-04-28T00:00:00,0,0,32,0,109,14,0,155
row-576j-9b3d~p6yd,00000000-0000-0000-720C-F41713E9760F,0,1540996344,,1540996344,,{ },Queens,Playground for All Children,"Volleyball, Hockey, Basketball",2018-04-29T00:00:00,2018-05-05T00:00:00,0,0,40,320,480,381,120,1341
row-tijd~yxdf-twgw,00000000-0000-0000-3045-E261A98A63A5,0,1540996344,,1540996344,,{ },Queens,Playground for All Children,Basketball Soccer Football,2018-05-06T00:00:00,2018-05-12T00:00:00,0,0,87,216,0,0,116,419
row-8s54-hu6k.h5kc,00000000-0000-0000-708B-4C36C37EEA59,0,1540996344,,1540996344,,{ },Queens,Playground for All Children,"Baseball, Soccer, Football",2018-05-13T00:00:00,2018-05-19T00:00:00,0,0,62,0,0,141,0,203
row-zyuw~i4ch_yky4,00000000-0000-0000-AFC8-1FE107CDB0BB,0,1540996344,,1540996344,,{ },Staten Island,Midland Beach,"Pickleball, Basketball, Volleyball",2018-05-20T00:00:00,2018-05-26T00:00:00,0,0,11,10,0,9,3,33
row-ijhj.yfkf~timw,00000000-0000-0000-E315-FA3CA94CB4DD,0,1540996344,,1540996344,,{ },Staten Island,Midland Beach,"Basketball, Volleyball, Pickleball",2018-05-27T00:00:00,2018-06-02T00:00:00,0,0,5,0,0,0,8,13
row-ikbb~6mus_hepe,00000000-0000-0000-7348-E04279B9D80B,0,1540996344,,1540996344,,{ },Staten Island,Midland Beach,"Basketball, Pickleball, Football",2018-06-03T00:00:00,2018-06-09T00:00:00,0,0,0,2,18,17,0,37
row-pzmw.h2vz-p2mw,00000000-0000-0000-6948-0287005EE5F8,0,1540996344,,1540996344,,{ },Queens,Playground for All Children,"Soccer, baseball, basketball,",2018-06-03T00:00:00,2018-06-09T00:00:00,0,0,294,466,340,326,485,1911
row-mytb-5evh~6yjn,00000000-0000-0000-938F-2A4D05B49319,0,1540996344,,1540996344,,{ },Queens,Playground for All Children,"volleyball, badminton, baseball, soccer",2018-05-27T00:00:00,2018-06-02T00:00:00,0,0,71,424,0,461,652,1608
row-dcmg~ja2q.inqb,00000000-0000-0000-7A31-FDF31076FE3D,0,1540996344,,1540996344,,{ },Bronx,Williamsbridge Oval,"Frisbee,Soccer,Basketball,Track and Field",2018-05-27T00:00:00,2018-06-02T00:00:00,0,0,24,38,3,6,11,82
row-53ga-ae7f_b4vz,00000000-0000-0000-71A6-213A7662EDF2,0,1540996344,,1540996344,,{ },Bronx,Williamsbridge Oval,"Soccer,Frisbee,Wiffleball",2018-06-03T00:00:00,2018-06-09T00:00:00,0,0,0,20,0,21,5,46
row-xwm2~jdwd_wgpz,00000000-0000-0000-0FE8-B94B18D1DD11,0,1540996344,,1540996344,,{ },Bronx,Williamsbridge Oval,"Flag Football,Kickball,Soccer",2018-06-10T00:00:00,2018-06-16T00:00:00,0,27,26,14,36,21,9,133
row-vdaz_et2q.9csw,00000000-0000-0000-AC04-73970E6B414A,0,1540996344,,1540996344,,{ },Queens,Playground for All Children,"Basketball, flag football, baseball, lacrosse",2018-06-10T00:00:00,2018-06-16T00:00:00,0,0,611,137,315,369,665,2097
row-x6mm_b9cm.4ykp,00000000-0000-0000-50B3-EBBF21647012,0,1540996344,,1540996344,,{ },Bronx,Williamsbridge Oval,"Soccer,Basketball,Wiffleball, Frisbee, Track and Field",2018-06-17T00:00:00,2018-06-23T00:00:00,0,6,8,13,6,0,0,33
row-t2mm_da7h~xb8f,00000000-0000-0000-46B7-1CFC38BD4D9C,0,1540996344,,1540996344,,{ },Queens,Playground for All Children,"Lacrosse, Basketball, Soccer",2018-06-17T00:00:00,2018-06-23T00:00:00,0,0,123,193,463,121,93,993
row-yq6h_98j6.krc4,00000000-0000-0000-9F0E-2717560B6928,0,1540996344,,1540996344,,{ },Queens,Playground for All Children,"Lacrosse, Basketball, Soccer",2018-06-17T00:00:00,2018-06-23T00:00:00,0,0,123,193,121,93,0,530
row-3ea9.dwjm_f6u2,00000000-0000-0000-B0F9-E346B5263466,0,1540996344,,1540996344,,{ },Brooklyn,Sunset Park,"Basketball, Track, Flag football, Softball, Lacrosse, Soccer, Rugby, Ultimate Frisbee, Field Hockey, Field Games, Volleyball, Tumbling",2018-07-05T00:00:00,2018-07-06T00:00:00,0,42,39,0,184,94,0,359
row-zjje~m7re-t3q5,00000000-0000-0000-D3FD-20AC7D75D621,0,1540996344,,1540996344,,{ },Brooklyn,Sunset Park,"Basketball, Track, Flag football, Softball, Lacrosse, Soccer, Rugby, Ultimate Frisbee, Field Hockey, Field Games, Volleyball, Tumbling",2018-07-09T00:00:00,2018-07-13T00:00:00,0,184,170,194,203,180,0,931
row-9pzh.5b93_p9jx,00000000-0000-0000-D0CF-05C9F8A414C3,0,1540996344,,1540996344,,{ },Queens,Playground for All Children,"Basketball, Lacrosse, Volleyball, baseball, flag football",2018-07-01T00:00:00,2018-07-07T00:00:00,0,0,0,0,214,75,321,610
row-4jtc-2wny_wv2m,00000000-0000-0000-FBAF-8419C9E9F55B,0,1540996344,,1540996344,,{ },Bronx,Williamsbridge Oval,"Basketball,Volleyball, Arts and Crafts, Kickball, Soccer",2018-07-01T00:00:00,2018-07-07T00:00:00,0,24,20,0,13,15,0,72
row-ssi9_x5np-kh5j,00000000-0000-0000-A6D5-7608366628D4,0,1540996344,,1540996344,,{ },Bronx,Williamsbridge Oval,"Soccer,Tennis, Track and Field, Basketball",2018-06-24T00:00:00,2018-06-30T00:00:00,0,2,15,20,25,0,0,62
row-diiz-smah.ct79,00000000-0000-0000-A855-FC596B55426A,0,1540996344,,1540996344,,{ },Brooklyn,Sunset Park,"Basketball, Track, Flag football, Softball, Lacrosse, Soccer, Rugby, Ultimate Frisbee, Field Hockey, Field Games, Volleyball, Tumbling",2018-07-16T00:00:00,2018-07-20T00:00:00,0,189,104,236,164,162,0,855
row-my3h_w4mj~bws3,00000000-0000-0000-0175-0063BDAE2956,0,1540996344,,1540996344,,{ },Queens,Playground for All Children,"Softball, basketball, agility training, drills, jacks, lacrosse",2018-07-08T00:00:00,2018-07-14T00:00:00,0,0,319,344,232,361,161,1417
row-ppn3.e7db~zm48,00000000-0000-0000-59B1-C5913E8138D1,0,1540996344,,1540996344,,{ },Bronx,Williamsbridge Oval,"Soccer, Kickball,Volleyball, Flag Football, Basketball",2018-07-08T00:00:00,2018-07-14T00:00:00,0,3,42,66,35,13,0,159
row-4gn9~uwu4~7qzn,00000000-0000-0000-A7DF-FC23C7758389,0,1540996344,,1540996344,,{ },Bronx,Williamsbridge Oval,"Pickle Ball, Soccer, Basketball,Frisbee,Track and Field",2018-07-15T00:00:00,2018-07-21T00:00:00,20,30,14,34,0,67,0,165
row-fh2i_fijd-fsbc,00000000-0000-0000-09E3-AE9DB1B03120,0,1540996344,,1540996344,,{ },Brooklyn,Sunset Park,"Basketball, Track, Flag football, Softball, Lacrosse, Soccer, Rugby, Ultimate Frisbee, Field Hockey, Field Games, Volleyball, Tumbling",2018-07-23T00:00:00,2018-07-27T00:00:00,0,90,184,52,156,138,0,620
row-n5xq-3kbf_sgmp,00000000-0000-0000-4EB7-7249F5416566,0,1540996344,,1540996344,,{ },Queens,Playground for All Children,Baseball Football Basketball Soccer,2018-07-15T00:00:00,2018-07-21T00:00:00,0,0,207,271,229,403,150,1260
row-dv3w_iypw-s7z4,00000000-0000-0000-E80C-D343AA7BCE06,0,1540996344,,1540996344,,{ },Queens,Playground for All Children,basketball Baseball Soccer Football,2018-07-15T00:00:00,2018-07-21T00:00:00,0,0,103,220,204,147,192,866
row-i92s_r2pq.qexb,00000000-0000-0000-6D07-9E1045BEDBAF,0,1540996344,,1540996344,,{ },Queens,Playground for All Children,Football Basketball Baseball,2018-07-15T00:00:00,2018-07-21T00:00:00,0,0,103,220,204,147,192,866
row-ug3w-mkbr_8t82,00000000-0000-0000-277A-1412C6E17045,0,1540996344,,1540996344,,{ },Manhattan,Thomas Jefferson Park,varies sports,2018-07-09T00:00:00,2018-07-13T00:00:00,0,6,7,10,7,8,0,38
row-fqjm-9wpe~eqhd,00000000-0000-0000-9960-BCADB71D1BB9,0,1540996344,,1540996344,,{ },Manhattan,Thomas Jefferson Park,various sports,2018-07-16T00:00:00,2018-07-20T00:00:00,0,7,9,8,9,10,0,43
row-mgum.8udn~mzqu,00000000-0000-0000-F089-3C293B680CD5,0,1540996344,,1540996344,,{ },Manhattan,Thomas Jefferson Park,various sports,2018-07-23T00:00:00,2018-07-27T00:00:00,0,6,9,7,8,9,0,39
row-pfpw~5i58-dth2,00000000-0000-0000-388E-86DB661150DA,0,1540996344,,1540996344,,{ },Staten Island,Playground for All Children,flag football / basketball/ pickleball/bocce/volleyball,2018-07-22T00:00:00,2018-07-28T00:00:00,0,0,70,45,80,25,200,420
row-pcpn.3f27~yiwk,00000000-0000-0000-BCCF-11D2156D1B0B,0,1540996344,,1540996344,,{ },Staten Island,Playground for All Children,basketball/flag football,2018-07-01T00:00:00,2018-07-07T00:00:00,0,0,0,0,85,60,90,235
row-fgfw~cq6h-cnuy,00000000-0000-0000-1630-A3A29B71234D,0,1540996344,,1540996344,,{ },Staten Island,Playground for All Children,flag football/ basketball/bocce,2018-07-08T00:00:00,2018-07-14T00:00:00,0,0,0,45,65,70,200,380
row-tejg.6uz9-8fyh,00000000-0000-0000-23CA-6FBFBAF1659F,0,1540996344,,1540996344,,{ },Staten Island,Playground for All Children,basketball/ flag football/  bocce,2018-07-15T00:00:00,2018-07-21T00:00:00,0,0,60,50,75,80,40,305
row-3rnj_ujun.wwmj,00000000-0000-0000-D167-4E28F865146D,0,1540996344,,1540996344,,{ },Brooklyn,Sunset Park,"Basketball, Track, Flag football, Softball, Lacrosse, Soccer, Rugby, Ultimate Frisbee, Field Hockey, Field Games, Volleyball, Tumbling",2018-07-30T00:00:00,2018-08-03T00:00:00,0,138,162,73,125,0,0,498
row-khqg_h9qa-xwtg,00000000-0000-0000-3BCD-491B9BB6A8F1,0,1540996344,,1540996344,,{ },Brooklyn,Sunset Park,"Fitness Friday, Soccer, Basketball, Dance,Track",2018-05-07T00:00:00,2018-05-11T00:00:00,0,36,31,33,32,22,0,154
row-7ipr-t2cn~49vz,00000000-0000-0000-16DC-FE89FA6676A2,0,1540996344,,1540996344,,{ },Brooklyn,Sunset Park,"Fitness Friday, Soccer, Basketball, Dance,Track",2018-05-14T00:00:00,2018-05-18T00:00:00,0,46,46,47,37,36,0,212
row-zjih~mx6m.z7aw,00000000-0000-0000-D425-8A8CA4B3278E,0,1540996344,,1540996344,,{ },Brooklyn,Sunset Park,"Fitness Friday, Soccer, Basketball, Dance,Track",2018-05-21T00:00:00,2018-05-25T00:00:00,0,47,40,44,36,49,0,216
row-n8b6_exky_4wn3,00000000-0000-0000-2147-6F4299BB0D39,0,1540996344,,1540996344,,{ },Brooklyn,Sunset Park,"Fitness Friday, Soccer, Basketball, Dance,Track",2018-05-28T00:00:00,2018-06-01T00:00:00,0,43,48,48,39,37,0,215
row-vbuc-phh2_f6ns,00000000-0000-0000-42E3-1453752E5ACC,0,1540996344,,1540996344,,{ },Brooklyn,Sunset Park,"Fitness Friday, Soccer, Basketball, Dance,Track",2018-06-04T00:00:00,2018-06-08T00:00:00,0,45,39,42,31,50,0,207
row-2gzp_5r48-k6ph,00000000-0000-0000-3972-4ED75C43F3AA,0,1540996344,,1540996344,,{ },Brooklyn,Sunset Park,"Fitness Friday, Soccer, Basketball, Dance,Track",2018-06-11T00:00:00,2018-06-15T00:00:00,0,37,42,31,30,27,0,167
row-e5v6~7vsu-mxaw,00000000-0000-0000-11C5-5B84B434188B,0,1540996344,,1540996344,,{ },Brooklyn,Sunset Park,"Fitness Friday, Soccer, Basketball, Dance,Track",2018-06-18T00:00:00,2018-06-22T00:00:00,0,27,23,22,25,18,0,115
row-ubmb_uf4j~rbq9,00000000-0000-0000-B5FB-F6E506A9633C,0,1540996344,,1540996344,,{ },Brooklyn,Sunset Park,"Fitness Friday, Soccer, Basketball, Dance,Track",2018-06-25T00:00:00,2018-06-29T00:00:00,0,18,12,20,17,15,0,82
row-amyr.yh46~y5jn,00000000-0000-0000-5FCB-1A4E1C1AE3AB,0,1540996344,,1540996344,,{ },Brooklyn,Sunset Park,"Fitness Friday, Soccer, Basketball, Dance,Track",2018-04-30T00:00:00,2018-05-04T00:00:00,0,46,42,42,47,45,0,222
row-ziw3~48p7_q7yb,00000000-0000-0000-B1C3-0C43F5184AC7,0,1540996344,,1540996344,,{ },Brooklyn,Sunset Park,"Fitness Friday, Soccer, Basketball, Dance,Track",2018-04-16T00:00:00,2018-04-20T00:00:00,0,42,53,39,43,50,0,227
row-vv7b-7gxe_j683,00000000-0000-0000-6DFC-784C4DF588F1,0,1540996344,,1540996344,,{ },Brooklyn,Sunset Park,"Fitness Friday, Soccer, Basketball, Dance,Track",2018-04-23T00:00:00,2018-04-27T00:00:00,0,33,47,41,23,49,0,193
row-qybd-q84g-prkn,00000000-0000-0000-A436-25230904AEAA,0,1540996344,,1540996344,,{ },Queens,Playground for All Children,Basketball Soccer Baseball,2018-07-22T00:00:00,2018-07-28T00:00:00,0,0,60,0,150,108,0,318
row-wk9g_t9mt~2hs3,00000000-0000-0000-D8F1-9DE5CB0AAF67,0,1540996344,,1540996344,,{ },Queens,Playground for All Children,Lacrosse Basketball Soccer Basketball,2018-07-22T00:00:00,2018-07-28T00:00:00,0,0,1441,0,93,174,0,1708
row-wrjw.wh2z~q69p,00000000-0000-0000-260D-978936C64631,0,1540996344,,1540996344,,{ },Queens,Playground for All Children,Soccer Basketball Baseball,2018-07-22T00:00:00,2018-07-28T00:00:00,0,0,197,0,100,211,0,508
row-vwja~rsb6.wpqq,00000000-0000-0000-9F91-173C4602FBE2,0,1540996344,,1540996344,,{ },Brooklyn,Sunset Park,"Basketball, Track, Flag football, Softball, Lacrosse, Soccer, Rugby, Ultimate Frisbee, Field Hockey, Field Games, Volleyball, Tumbling",2018-08-06T00:00:00,2018-08-10T00:00:00,0,96,56,95,115,141,0,503
row-hi6k~qfyn-tnta,00000000-0000-0000-4A8F-F446336288F5,0,1540996344,,1540996344,,{ },Brooklyn,Sunset Park,"Basketball, Track, Flag football, Softball, Lacrosse, Soccer, Rugby, Ultimate Frisbee, Field Hockey, Field Games, Volleyball, Tumbling",2018-08-13T00:00:00,2018-08-17T00:00:00,0,42,141,0,135,72,0,390
row-6qc3~7ikt.bbtm,00000000-0000-0000-D791-9B6AE6C6356F,0,1540996344,,1540996344,,{ },Staten Island,Playground for All Children,"basketball, bocce, flag football",2018-08-05T00:00:00,2018-08-11T00:00:00,0,0,60,65,35,48,0,208
row-j2eu-ivpp_ayzz,00000000-0000-0000-1D3F-633CC8C57860,0,1540996344,,1540996344,,{ },Bronx,Williamsbridge Oval,"Basketball, kickball, pickle Ball, soccer, Flag Football,",2018-07-22T00:00:00,2018-07-28T00:00:00,0,19,31,27,35,55,0,167
row-sg8m~49jt_y9sn,00000000-0000-0000-9A26-A442378FE967,0,1540996344,,1540996344,,{ },Bronx,Williamsbridge Oval,"Basketball, soccer, Pickleball, kickball, Flag Football,",2018-07-29T00:00:00,2018-08-04T00:00:00,0,31,42,40,36,27,0,176
row-br5q_5c6g_sm3y,00000000-0000-0000-BCCB-3F10EB752D88,0,1540996344,,1540996344,,{ },Bronx,Williamsbridge Oval,"Basketball, Soccer,Flag Football, Kickball,",2018-08-05T00:00:00,2018-08-11T00:00:00,0,25,41,33,24,37,5,165
row-njjw-6ssb~druh,00000000-0000-0000-F093-AABC713F6091,0,1540996344,,1540996344,,{ },Brooklyn,Sunset Park,"Basketball, Track, Flag football, Softball, Lacrosse, Soccer, Rugby, Ultimate Frisbee, Field Hockey, Field Games, Volleyball, Tumbling",2018-08-21T00:00:00,2018-08-24T00:00:00,0,132,138,80,162,144,0,656
row-yuzg_mqh4.u6nd,00000000-0000-0000-D982-6C83C679946D,0,1540996344,,1540996344,,{ },Queens,Playground for All Children,Handball Basketball Soccer,2018-08-05T00:00:00,2018-08-11T00:00:00,0,0,279,114,123,106,0,622
row-25kd-n8wf.x64g,00000000-0000-0000-D9C5-C04C60EFECA0,0,1540996344,,1540996344,,{ },Queens,Playground for All Children,Basketball Soccer Baseball,2018-08-05T00:00:00,2018-08-11T00:00:00,0,0,85,105,220,0,0,410
row-zf57~23vp-ndz4,00000000-0000-0000-4367-C1B95AF78579,0,1540996344,,1540996344,,{ },Queens,Playground for All Children,Lacrosse Basketball Soccer,2018-08-05T00:00:00,2018-08-11T00:00:00,0,0,82,105,0,320,0,507
row-uhqe_t8vi.dmzy,00000000-0000-0000-7D69-150E061B11E5,0,1540996344,,1540996344,,{ },Queens,Playground for All Children,"Flag football, lacrosse, volleyball, basketball, baseball, soccer",2018-08-12T00:00:00,2018-08-18T00:00:00,0,0,162,0,227,201,155,745
row-gqte_knx5.m2yt,00000000-0000-0000-2660-FBC084C40418,0,1540996344,,1540996344,,{ },Manhattan,Thomas Jefferson Park,Basketball,2018-07-09T00:00:00,2018-07-13T00:00:00,0,0,0,0,0,0,0,0
row-xsv2_j7z8_pwhk,00000000-0000-0000-15CE-4664B1ABF26E,0,1540996344,,1540996344,,{ },Manhattan,Thomas Jefferson Park,Street Hockey,2018-07-16T00:00:00,2018-07-20T00:00:00,0,33,0,0,0,0,0,33
row-3qts~ec9j-dwvr,00000000-0000-0000-F969-4168D2B89743,0,1540996344,,1540996344,,{ },Manhattan,Thomas Jefferson Park,Track & Field,2018-07-23T00:00:00,2018-07-27T00:00:00,0,27,0,0,0,0,0,27
row-5br7_imkb~y9zi,00000000-0000-0000-D644-6C48D24FC531,0,1540996344,,1540996344,,{ },Manhattan,Thomas Jefferson Park,Softball,2018-07-30T00:00:00,2018-08-03T00:00:00,0,15,0,0,0,0,0,15
row-6e6e.hkmx-n37a,00000000-0000-0000-11F4-C4119C1106F9,0,1540996344,,1540996344,,{ },Manhattan,Thomas Jefferson Park,Soccer,2018-08-06T00:00:00,2018-08-10T00:00:00,0,14,0,0,0,0,0,14
row-765f-vcdg~gu2n,00000000-0000-0000-7584-91B1A58CE34A,0,1540996344,,1540996344,,{ },Manhattan,Thomas Jefferson Park,Soccer,2018-08-13T00:00:00,2018-08-17T00:00:00,0,4,0,0,0,0,0,4
row-qpdn-knte.y7va,00000000-0000-0000-78CE-7DE7E2DF7636,0,1540996344,,1540996344,,{ },Manhattan,Thomas Jefferson Park,Flag Football,2018-08-20T00:00:00,2018-08-24T00:00:00,0,7,0,0,0,0,0,7
row-aikv_pevw.mzzg,00000000-0000-0000-F66E-A341ABE598DB,0,1540996344,,1540996344,,{ },Queens,Playground for All Children,lacrosse basketball volleyball soccer,2018-08-19T00:00:00,2018-08-19T00:00:00,0,0,209,140,176,118,273,916
row-mhd7~qyc6~uh8w,00000000-0000-0000-145C-1CD31E9D424D,0,1540996344,,1540996344,,{ },Brooklyn,Sunset Park,"Basketball, Track, Flag football, Softball, Lacrosse, Soccer, Rugby, Ultimate Frisbee, Field Hockey, Field Games, Volleyball, Tumbling",2018-08-27T00:00:00,2018-08-31T00:00:00,0,87,80,37,42,26,0,272
row-7jzk-w7jk_zmm5,00000000-0000-0000-E7F2-62AD8F345F25,0,1540996344,,1540996344,,{ },Brooklyn,Sunset Park,"Basketball, Track, Flag football, Softball, Lacrosse, Soccer, Rugby, Ultimate Frisbee, Field Hockey, Field Games, Volleyball, Tumbling",2018-09-04T00:00:00,2018-09-07T00:00:00,0,0,25,0,0,0,0,25
row-escd.w2xx.rjwb,00000000-0000-0000-EB4E-17DAFD75B101,0,1540996344,,1540996344,,{ },Staten Island,Playground for All Children,"flag football, basketball, bocce",2018-07-29T00:00:00,2018-08-04T00:00:00,0,0,42,28,52,25,32,179
row-kibv-wygv_tcpq,00000000-0000-0000-202C-F2D2A6AC47F4,0,1540996344,,1540996344,,{ },Queens,Playground for All Children,basketball football soccer,2018-08-26T00:00:00,2018-09-01T00:00:00,0,0,104,123,75,42,202,546
row-uhk4-zpib.xxtf,00000000-0000-0000-9AD7-FE1A2A10E438,0,1540996344,,1540996344,,{ },Bronx,Williamsbridge Oval,"Basketball, Soccer, Flag Football, Kickball",2018-07-29T00:00:00,2018-08-04T00:00:00,0,20,24,27,24,31,15,141
row-7ak4~rk98.3ydz,00000000-0000-0000-7838-40EF33771200,0,1540996344,,1540996344,,{ },Bronx,Williamsbridge Oval,"Track and Field, Soccer , Basketball, Tennis",2018-08-05T00:00:00,2018-08-11T00:00:00,0,0,35,20,15,29,2,101
row-ic6w_fiy8_prbg,00000000-0000-0000-6918-4EF429B6DE9C,0,1540996344,,1540996344,,{ },Bronx,Williamsbridge Oval,"Basketball, Pickleball, Tennis , Soccer",2018-08-12T00:00:00,2018-08-18T00:00:00,0,25,27,16,12,31,12,123
row-dv3i~2mxm_a5py,00000000-0000-0000-F8DF-8C52864DA167,0,1540996344,,1540996344,,{ },Bronx,Williamsbridge Oval,"Basketball, Track and Field, Soccer, Pickle Ball, Tennis",2018-08-19T00:00:00,2018-08-25T00:00:00,0,24,33,29,25,23,10,144
row-fpr6~dnz3-gigd,00000000-0000-0000-437C-589D4850DCC8,0,1540996344,,1540996344,,{ },Bronx,Williamsbridge Oval,"Tennis, Soccer ,Kickball, Flag Football",2018-08-26T00:00:00,2018-09-01T00:00:00,0,37,24,31,21,23,12,148
row-56n7_jmhf-9scq,00000000-0000-0000-587B-A1815C234BDC,0,1540996344,,1540996344,,{ },Bronx,Williamsbridge Oval,"Soccer, Basketball, Kickball, Track and Field,",2018-09-02T00:00:00,2018-09-08T00:00:00,0,12,17,15,21,25,11,101
row-ycqc-rwb7_9bnb,00000000-0000-0000-514C-682E6E0493CC,0,1540996344,,1540996344,,{ },Queens,Playground for All Children,Basketball soccer football baseball,2018-09-09T00:00:00,2018-09-15T00:00:00,0,0,14,2,4,23,195,238
row-eedu.79wv-u2wu,00000000-0000-0000-910F-224BA58BCCE2,0,1723216080,,1723216080,,{ },Queens,Playground for All Children,"Basketball, football, soccer, flag football",2019-09-29T00:00:00,2019-10-05T00:00:00,28,15,0,15,0,52,60,170
row-7mjf.fej4_z4pd,00000000-0000-0000-E283-9B67EE5429EB,0,1723216080,,1723216080,,{ },Queens,Playground for All Children,"Basketball, Soccer, Football, Volleyball",2019-09-22T00:00:00,2019-09-28T00:00:00,22,17,0,25,0,35,55,154
row-3ath-mgv5_ensz,00000000-0000-0000-8C0D-6597630FEAE4,0,1723216080,,1723216080,,{ },Queens,Playground for All Children,"Basketball, Soccer, Football",2019-09-15T00:00:00,2019-09-21T00:00:00,21,15,0,0,0,37,50,123
row-wxz8.axar-n8by,00000000-0000-0000-F6B1-E3494BF0B1D1,0,1723216080,,1723216080,,{ },Queens,Playground for All Children,none,2019-08-25T00:00:00,2019-08-31T00:00:00,0,0,0,0,0,0,0,0
row-wapf~mfhy.4gdu,00000000-0000-0000-3504-C29CEF7DD8AB,0,1723216080,,1723216080,,{ },Queens,Playground for All Children,football,2019-08-18T00:00:00,2019-08-24T00:00:00,0,0,0,40,43,55,65,203
row-gtmj~4k5c-f8ax,00000000-0000-0000-E473-3CF78988D826,0,1723216080,,1723216080,,{ },Queens,Playground for All Children,soccer,2019-08-11T00:00:00,2019-08-17T00:00:00,0,0,40,25,21,30,42,158
row-hkfe-2835.ibuz,00000000-0000-0000-AA7A-95A443672F82,0,1723216080,,1723216080,,{ },Bronx,Williamsbridge Oval,"Soccer, Basketball, Flag Football",2019-09-08T00:00:00,2019-09-14T00:00:00,0,15,18,20,12,16,5,86
row-jr76.vy5m_rch2,00000000-0000-0000-CE7E-539990EA67D7,0,1723216080,,1723216080,,{ },Bronx,Williamsbridge Oval,"Soccer, Basketball, Flag Football",2019-09-08T00:00:00,2019-09-14T00:00:00,0,15,18,20,12,16,5,86
row-xre5~ypfk_7mg8,00000000-0000-0000-8645-35B0E98528CA,0,1723216080,,1723216080,,{ },Bronx,Williamsbridge Oval,"Soccer , Basketball, flag football",2019-09-01T00:00:00,2019-09-07T00:00:00,0,19,22,26,31,28,5,131
row-5tvk.pw46~ap85,00000000-0000-0000-65E0-AD8B575585E5,0,1723216080,,1723216080,,{ },Bronx,Williamsbridge Oval,"Basketball, soccer, Flag Football, group Games",2019-08-25T00:00:00,2019-08-31T00:00:00,0,22,26,20,16,12,25,121
row-uzqi~xfzv.ben4,00000000-0000-0000-63AF-E0085C1AF75E,0,1723216080,,1723216080,,{ },Bronx,Williamsbridge Oval,"Basketball, Soccer, Volleyball, Flag football, group Games",2019-08-18T00:00:00,2019-08-24T00:00:00,0,5,10,12,15,25,16,83
row-tn7x~jsv9_esuw,00000000-0000-0000-7646-E89C1851AAD3,0,1723216080,,1723216080,,{ },Queens,Playground for All Children,basketball,2019-09-08T00:00:00,2019-09-14T00:00:00,11,15,0,0,0,0,40,66
row-divp~rfgz.m5bj,00000000-0000-0000-F856-C01D5ACFA07C,0,1723216080,,1723216080,,{ },Bronx,Williamsbridge Oval,"basketball, soccer, volleyball, water games",2019-08-11T00:00:00,2019-08-17T00:00:00,0,9,0,798,29,0,0,836
row-t7t5_mgdz-hcu3,00000000-0000-0000-9CB8-516720B7AFB5,0,1723216080,,1723216080,,{ },Bronx,Williamsbridge Oval,"soccer, basketball, flag football, arts n crafts, volleyball, water games",2019-08-04T00:00:00,2019-08-10T00:00:00,0,38,24,33,0,0,0,95
row-emfm~n4bz-5rk4,00000000-0000-0000-9C18-8574B1BB93AD,0,1723216080,,1723216080,,{ },Bronx,Williamsbridge Oval,"basketball, soccer,",2019-07-28T00:00:00,2019-08-03T00:00:00,0,0,3,17,40,0,0,60
row-ss7x.jgbu.q73b,00000000-0000-0000-D96C-2DE789387EB5,0,1723216080,,1723216080,,{ },Bronx,Williamsbridge Oval,"Basketball, bingo, dodgeball, soccer",2019-07-21T00:00:00,2019-07-27T00:00:00,0,17,25,32,16,0,0,90
row-xbic~y5hb~m5bf,00000000-0000-0000-7410-89543383DAF7,0,1723216080,,1723216080,,{ },Staten Island,CPL. Thompson Park,"flag football , basketball, soccer",2019-08-20T00:00:00,2019-08-24T00:00:00,0,0,45,50,36,42,15,188
row-28fa.entf-ferk,00000000-0000-0000-CD3B-3C7B4C43C5B8,0,1723216080,,1723216080,,{ },Queens,Playground for All Children,Football,2019-09-01T00:00:00,2019-09-07T00:00:00,0,0,0,0,0,0,60,60
row-gsxs~u2nj.bfvz,00000000-0000-0000-839C-8AE6ADEB212B,0,1723216080,,1723216080,,{ },Staten Island,CPL. Thompson Park,"Basketball, Flag football , T-ball",2019-08-13T00:00:00,2019-08-17T00:00:00,0,0,45,1050,40,50,15,1200
row-jucf_ghm9~6ti8,00000000-0000-0000-222F-2B86C32215FB,0,1723216080,,1723216080,,{ },Brooklyn,Sunset Park,"Basketball, Flag Football, Badmiton, Field Games, Soccer",2019-08-12T00:00:00,2019-08-16T00:00:00,0,10,8,9,8,6,0,41
row-wgt4~5yh8~m9qz,00000000-0000-0000-0493-1F7407C6055B,0,1723216080,,1723216080,,{ },Brooklyn,Sunset Park,"T-Ball, Pickleball, Cornhole, Badmiton, Volleyball",2019-08-05T00:00:00,2019-08-09T00:00:00,0,16,12,15,10,11,0,64
row-e86q-gyry~jkrg,00000000-0000-0000-3D13-9FA66EE02F2A,0,1723216080,,1723216080,,{ },Queens,Playground for All Children,Track & field,2019-08-04T00:00:00,2019-08-10T00:00:00,0,0,0,13,0,50,30,93
row-vaep_kwwt-nc2p,00000000-0000-0000-4457-49060E81A1CB,0,1723216080,,1723216080,,{ },Queens,Playground for All Children,basketball,2019-07-28T00:00:00,2019-08-03T00:00:00,0,0,37,40,38,55,32,202
row-r9xs.xbvu~7s6y,00000000-0000-0000-0C2C-08F3CBD2306B,0,1723216080,,1723216080,,{ },Staten Island,CPL. Thompson Park,"Basketball, flag football",2019-08-06T00:00:00,2019-08-10T00:00:00,0,0,20,25,15,30,8,98
row-74ui.kcf6_pdrz,00000000-0000-0000-D401-22A36A27BD41,0,1723216080,,1723216080,,{ },Staten Island,CPL. Thompson Park,"Basketball, flag football, soccer",2019-07-30T00:00:00,2019-08-03T00:00:00,0,0,25,15,40,30,10,120
row-fiky~rwp3-fx6a,00000000-0000-0000-0894-48CA2551C630,0,1723216080,,1723216080,,{ },Brooklyn,Sunset Park,"Bowling, Volleyball, Baskeball, Track & Field, Soccer, T Ball",2019-07-29T00:00:00,2019-08-02T00:00:00,0,22,15,18,19,14,0,88
row-4azm.r54u.aeq6,00000000-0000-0000-00C8-915B2C244EFD,0,1723216080,,1723216080,,{ },Brooklyn,Sunset Park,"Flag Football, Basketball, Volleyball, Bowling, Badmiton, Soccer, Track and Field",2019-07-22T00:00:00,2019-07-26T00:00:00,0,19,21,13,10,17,0,80
row-qi97~2udy~q2b9,00000000-0000-0000-79A8-C45D40B5BF55,0,1723216080,,1723216080,,{ },Brooklyn,Sunset Park,"Soccer, Basketball, Structured Play, Badmiton, Volleyball, Ulimate Frisbee",2019-07-15T00:00:00,2019-07-19T00:00:00,0,14,16,8,10,18,0,66
row-pu9y~ssbc.3uu5,00000000-0000-0000-B95A-D96E70D73FBB,0,1723216080,,1723216080,,{ },Brooklyn,Sunset Park,"Soccer, Basketball, Flag football, Kickball, Badmiton, Bowling, Volleyball",2019-07-08T00:00:00,2019-07-12T00:00:00,0,22,19,15,18,10,0,84
row-gksh.kw6y~zkua,00000000-0000-0000-D3D9-8B725BFF153E,0,1723216080,,1723216080,,{ },Queens,Playground for All Children,Dodge ball Soccer Track and field,2019-07-21T00:00:00,2019-07-27T00:00:00,0,0,41,95,48,37,109,330
row-jr89.676g_dtjs,00000000-0000-0000-4116-6C6B983A5211,0,1723216080,,1723216080,,{ },Staten Island,CPL. Thompson Park,"Flag football, Basketball, soccer",2019-07-23T00:00:00,2019-07-27T00:00:00,0,0,40,35,30,50,0,155
row-76zv-hxki~dchy,00000000-0000-0000-5BBE-1A4FFB596FDF,0,1723216080,,1723216080,,{ },Queens,Playground for All Children,"Baseball, soccer, basketball, badminton, kickball, relay race",2019-07-14T00:00:00,2019-07-20T00:00:00,0,0,0,113,120,51,0,284
row-mvg7-nb3z-we7g,00000000-0000-0000-F590-8727EA3FF9F6,0,1723216080,,1723216080,,{ },Queens,Playground for All Children,footbal track and field,2019-07-07T00:00:00,2019-07-13T00:00:00,0,0,0,30,38,0,37,105
row-ewb3-x8c8~29jf,00000000-0000-0000-6514-A5A1BF76DC13,0,1723216080,,1723216080,,{ },Staten Island,CPL. Thompson Park,"flag football , basketball, soccer",2019-07-16T00:00:00,2019-07-20T00:00:00,0,0,40,35,45,20,15,155
row-5a7s-nxr6.6kjg,00000000-0000-0000-82AA-953F13D176D6,0,1723216080,,1723216080,,{ },Bronx,Williamsbridge Oval,"Soccer, group Games, basket ball, volley ball",2019-07-14T00:00:00,2019-07-20T00:00:00,0,38,18,55,0,54,2,167
row-5h3z_typ7-vcd2,00000000-0000-0000-B01F-2606474F88D6,0,1723216080,,1723216080,,{ },Bronx,Williamsbridge Oval,"soccer , basketball, volleyball, group games",2019-07-07T00:00:00,2019-07-13T00:00:00,0,0,17,25,23,54,10,129
row-kabc.pzxi-bucx,00000000-0000-0000-2A65-CA2819B473F2,0,1723216080,,1723216080,,{ },Bronx,Williamsbridge Oval,"Soccer, basketball, voleyball, water balloon toss, group games",2019-06-30T00:00:00,2019-07-06T00:00:00,0,24,35,41,0,30,22,152
row-8769-u4zc_mx2m,00000000-0000-0000-4E93-75BDB7EFB715,0,1723216080,,1723216080,,{ },Staten Island,CPL. Thompson Park,"Flag Football, Basketball,Soccer",2019-07-09T00:00:00,2019-07-13T00:00:00,0,0,55,50,70,300,15,490
row-5b7z.pk5z_rsb5,00000000-0000-0000-4FC3-8074552BAE7B,0,1723216080,,1723216080,,{ },Queens,Playground for All Children,baseball basketball soccer,2019-06-30T00:00:00,2019-07-06T00:00:00,0,0,10,160,0,0,144,314
row-mes5.97r5-r78w,00000000-0000-0000-6D89-1C73F4BF33CF,0,1723216080,,1723216080,,{ },Queens,Playground for All Children,baseball,2019-06-23T00:00:00,2019-06-29T00:00:00,0,80,87,83,90,0,112,452
row-j522~xhna.4wwi,00000000-0000-0000-AD79-78B2D8AC2576,0,1723216080,,1723216080,,{ },Staten Island,CPL. Thompson Park,"Flag football,basketball,t-ball,soccer,track",2019-07-02T00:00:00,2019-07-06T00:00:00,0,0,40,35,0,40,20,135
row-rvfp.h4ym-xw9x,00000000-0000-0000-B2A7-8CAD00F96AF4,0,1723216080,,1723216080,,{ },Queens,Playground for All Children,soccer,2019-06-16T00:00:00,2019-06-22T00:00:00,0,0,0,6,5,13,60,84
row-fi32.8jzv~xqj6,00000000-0000-0000-28C8-04379863DFD9,0,1723216080,,1723216080,,{ },Queens,Playground for All Children,soccer,2019-06-16T00:00:00,2019-06-22T00:00:00,0,0,0,6,5,13,60,84
row-c4m8~9phg~btx4,00000000-0000-0000-01C8-8FC1A316E09D,0,1723216080,,1723216080,,{ },Bronx,Williamsbridge Oval,"Basketball, soccer, street hockey, obstacle course.",2019-06-23T00:00:00,2019-06-29T00:00:00,0,6,71,16,15,22,0,130
row-5if2_wqrv~9quh,00000000-0000-0000-44CF-827BC8898BD5,0,1723216080,,1723216080,,{ },Bronx,Williamsbridge Oval,Due to weather we played group games.,2019-06-16T00:00:00,2019-06-22T00:00:00,0,2,0,5,0,9,0,16
row-nhwz~wjbr_u4hq,00000000-0000-0000-86E2-6C2DBF5C7EC1,0,1723216080,,1723216080,,{ },Bronx,Williamsbridge Oval,Flag football and soccer,2019-06-09T00:00:00,2019-06-15T00:00:00,0,0,34,0,0,7,0,41
row-fvek~k5h8~ic3s,00000000-0000-0000-F7F3-324F1C072ED9,0,1723216080,,1723216080,,{ },Bronx,Williamsbridge Oval,"Soccer, Group games, volley Ball, Basketball",2019-06-02T00:00:00,2019-06-08T00:00:00,0,0,30,18,75,39,0,162
row-4kfv~q8sw-arwr,00000000-0000-0000-0ECA-729CD0CF3685,0,1723216080,,1723216080,,{ },Queens,Playground for All Children,baseball volleyball basketball,2019-06-09T00:00:00,2019-06-15T00:00:00,0,0,17,66,5,77,0,165
row-as8t-y249_u2gh,00000000-0000-0000-229C-5AE2F013914E,0,1723216080,,1723216080,,{ },Queens,Playground for All Children,"track and field, basketball",2019-06-09T00:00:00,2019-06-15T00:00:00,0,0,17,66,5,77,0,165
row-bqss~sfah~heim,00000000-0000-0000-8C41-F87251820FE4,0,1723216080,,1723216080,,{ },Queens,Playground for All Children,"Basketball, Soccer, Frisbee, Baseball",2019-06-02T00:00:00,2019-06-08T00:00:00,0,0,24,20,0,39,33,116
row-tbww~xzsv~dru7,00000000-0000-0000-6A39-AC4E64DE0F3B,0,1723216080,,1723216080,,{ },Queens,Playground for All Children,Soccer,2019-05-26T00:00:00,2019-06-01T00:00:00,0,0,8,31,44,73,0,156
row-ypvb_78cx_tzta,00000000-0000-0000-2DA2-341B6D2B7B2F,0,1723216080,,1723216080,,{ },Bronx,Williamsbridge Oval,"soccer , basketball, volleyball, relay races",2019-05-26T00:00:00,2019-06-01T00:00:00,0,0,0,15,0,3,30,48
row-t9sd_2pe5.y2ic,00000000-0000-0000-1DF4-BAD5F8E5D862,0,1723216080,,1723216080,,{ },Queens,Playground for All Children,Basketball,2019-05-19T00:00:00,2019-05-25T00:00:00,0,16,35,0,50,19,0,120
row-qtuf~rxx6.jdjf,00000000-0000-0000-7C7E-F96B42533409,0,1723216080,,1723216080,,{ },Bronx,Williamsbridge Oval,"Basketball, soccer , catch, obstacle course",2019-05-19T00:00:00,2019-05-25T00:00:00,0,5,17,38,21,16,0,97
row-erzd_wedd-he79,00000000-0000-0000-1D7D-0D87D8983105,0,1723216080,,1723216080,,{ },Bronx,Williamsbridge Oval,"Soccer, golf, group game- hula hoop tag",2019-05-12T00:00:00,2019-05-18T00:00:00,0,0,0,35,45,25,0,105
row-u26p~8scn.qjsh,00000000-0000-0000-A047-BAED3423DF4A,0,1723216080,,1723216080,,{ },Bronx,Williamsbridge Oval,"Hula Hoop, Volley Ball, Soccer, Catch, Basketball.",2019-05-05T00:00:00,2019-05-11T00:00:00,0,10,15,5,25,22,0,77
row-2udq_9t52.xmfs,00000000-0000-0000-B1FE-7692D012A2B0,0,1723216080,,1723216080,,{ },Queens,Playground for All Children,"Soccer, football, basketball, softball",2019-04-28T00:00:00,2019-05-04T00:00:00,0,0,191,0,76,0,166,433
row-nuzt~cz8q.sqtk,00000000-0000-0000-6219-F1F97BB69019,0,1723216080,,1723216080,,{ },Queens,Playground for All Children,softball soccer,2019-04-21T00:00:00,2019-04-27T00:00:00,0,0,347,362,9,0,0,718
row-pwbx.kp2y-8yih,00000000-0000-0000-74CE-9F2150DC5634,0,1723216080,,1723216080,,{ },Staten Island,CPL. Thompson Park,"Football, Basketball",2021-09-07T00:00:00,2021-09-09T00:00:00,0,0,20,0,0,0,0,20
row-aht4-vyzi_wfcf,00000000-0000-0000-770F-144851D7ADA3,0,1723216080,,1723216080,,{ },Staten Island,CPL. Thompson Park,"Football, Frisbee, Basketball",2021-08-31T00:00:00,2021-09-02T00:00:00,0,0,18,0,23,0,0,41
row-7v6a~5m4t-xadf,00000000-0000-0000-30F2-7CA9FBFE1B71,0,1723216080,,1723216080,,{ },Staten Island,CPL. Thompson Park,"Football, Frisbee, Soccer",2021-08-24T00:00:00,2021-08-26T00:00:00,0,0,20,0,26,0,0,46
row-t2rk.medq~4q4c,00000000-0000-0000-CFCC-6C17AF112DBB,0,1723216080,,1723216080,,{ },Brooklyn,John J Carty Playground,"Basketball, Volleyball, Pickleball, Street Hockey, Football, Soccer, Team Handball, Youth Strength, Frisbee, Senior Fitness.",2021-08-30T00:00:00,2021-09-03T00:00:00,0,46,54,0,0,0,0,100
row-mtss-fbi4~jyf9,00000000-0000-0000-97F6-E2E5BA21BF2F,0,1723216080,,1723216080,,{ },Brooklyn,John J Carty Playground,"Basketball, Volleyball, Pickleball, Street Hockey, Football, Soccer, Team Handball, Youth Strength, Frisbee, Senior Fitness.",2021-08-23T00:00:00,2021-08-27T00:00:00,0,0,17,21,19,26,0,83
row-b85m-uq7a.j6yt,00000000-0000-0000-551B-09E63BF3B10E,0,1723216080,,1723216080,,{ },Queens,Mafera Park,Soccer Basketball,2021-08-05T00:00:00,2021-08-26T00:00:00,0,0,0,0,56,0,0,56
row-xtgi~g7ub-3ijs,00000000-0000-0000-C395-D115859D0101,0,1723216080,,1723216080,,{ },Queens,Electric Playground,Soccer,2021-08-04T00:00:00,2021-08-25T00:00:00,0,0,0,60,0,0,0,60
row-mt2g~6j7g~vnrv,00000000-0000-0000-D810-FBA588A9AD19,0,1723216080,,1723216080,,{ },Queens,Real Good Playground,Soccer Basketball,2021-08-03T00:00:00,2021-08-25T00:00:00,0,0,50,0,0,0,0,50
row-ih37.bmdy_jvar,00000000-0000-0000-8FAE-1FB15E87077D,0,1723216080,,1723216080,,{ },Queens,Mafera Park,Basketball,2021-07-01T00:00:00,2021-07-29T00:00:00,0,0,0,0,56,0,0,56
row-dcrr-rip7-pyfe,00000000-0000-0000-03F7-5774A8DD8A0A,0,1723216080,,1723216080,,{ },Queens,Electric Playground,Soccer basketball,2021-07-07T00:00:00,2021-07-28T00:00:00,0,0,0,20,0,0,0,20
row-cgfr_h46w-tvg5,00000000-0000-0000-7628-05B52EE7907E,0,1723216080,,1723216080,,{ },Queens,Real Good Playground,Soccer basketball,2021-07-06T00:00:00,2021-07-27T00:00:00,0,0,60,0,0,0,0,60
row-m3q3~vs6p_q2m6,00000000-0000-0000-D502-5D254453C412,0,1723216080,,1723216080,,{ },Queens,Electric Playground,Basketball,2021-06-23T00:00:00,2021-06-30T00:00:00,0,0,0,25,0,0,0,25
row-bi6z-7dh3.r7dn,00000000-0000-0000-7B49-59B5B225A347,0,1723216080,,1723216080,,{ },Queens,Real Good Playground,Soccer Basketball,2021-06-22T00:00:00,2021-06-29T00:00:00,0,0,20,0,0,0,0,20
row-nx7h~btbd-67f8,00000000-0000-0000-0681-3BD6C937BEF5,0,1723216080,,1723216080,,{ },Queens,Mafera Park,Basketball,2021-09-17T00:00:00,2021-09-18T00:00:00,0,0,0,0,10,0,0,10
row-6wa5~9xak.irbk,00000000-0000-0000-9CB6-06454CAB143C,0,1723216080,,1723216080,,{ },Queens,Electric Playground,Soccer,2021-06-16T00:00:00,2021-06-19T00:00:00,0,0,0,5,0,0,0,5
row-idp8~gghk.uwx6,00000000-0000-0000-1F98-AF2FA8FCBD8D,0,1723216080,,1723216080,,{ },Queens,Real Good Playground,Basketball,2021-06-15T00:00:00,2021-06-19T00:00:00,0,0,15,0,0,0,0,15
row-nvz5-3z2q_42tx,00000000-0000-0000-305B-2F42651E1017,0,1723216080,,1723216080,,{ },Queens,Mafera Park,Basketball soccer,2021-06-10T00:00:00,2021-06-12T00:00:00,0,0,0,0,15,0,0,15
row-hc2r~i53j.6hyz,00000000-0000-0000-B15E-DF48EC8D27B0,0,1723216080,,1723216080,,{ },Queens,Electric Playground,Soccer Basketball,2021-06-09T00:00:00,2021-06-12T00:00:00,0,0,0,5,0,0,0,5
row-ngrc_n6pq_v2kb,00000000-0000-0000-6E44-1F540BC8EC0E,0,1723216080,,1723216080,,{ },Queens,Real Good Playground,Basketball,2021-06-08T00:00:00,2021-06-12T00:00:00,0,0,10,0,0,0,0,10
row-9mhd-zd79_eegd,00000000-0000-0000-9226-7DA4EC841C23,0,1723216080,,1723216080,,{ },Queens,Mafera Park,Soccer,2021-06-03T00:00:00,2021-06-05T00:00:00,0,0,0,0,5,0,0,5
row-sz8x-5tg8~a2xg,00000000-0000-0000-5BD3-7EAF37918281,0,1723216080,,1723216080,,{ },Queens,Electric Playground,Basketball,2021-06-02T00:00:00,2021-06-05T00:00:00,0,0,0,15,0,0,0,15
row-naeu~imxk-9hcj,00000000-0000-0000-CF20-C89289D97BC2,0,1723216080,,1723216080,,{ },Queens,Electric Playground,"Basketball, soccer, Flag football",2021-06-01T00:00:00,2021-06-05T00:00:00,0,0,10,0,0,0,0,10
row-vsas_3vqk_adqq,00000000-0000-0000-280E-10FE2116C247,0,1723216080,,1723216080,,{ },Bronx,Williamsbridge Oval,"Baseball, Volleyball, Soccer, Football, Tennis",2021-08-23T00:00:00,2021-08-27T00:00:00,0,35,30,38,28,0,0,131
row-ukxw-pbgq.kcfd,00000000-0000-0000-1F31-9266FEAC7606,0,1723216080,,1723216080,,{ },Brooklyn,John J Carty Playground,"Basketball, Volleyball, Pickleball, Street Hockey, Football, Soccer, Team Handball, Youth Strength, Frisbee, Senior Fitness.",2021-08-16T00:00:00,2021-08-20T00:00:00,0,41,43,57,36,23,0,200
row-zsz7.pfby-i2i4,00000000-0000-0000-A217-86CFCE2966E7,0,1723216080,,1723216080,,{ },Bronx,Williamsbridge Oval,"Baseball, Soccer,  Football, Tennis,",2021-08-16T00:00:00,2021-08-20T00:00:00,0,41,48,60,33,31,0,213
row-9kpa.p8hy-fbvw,00000000-0000-0000-A5E3-3F8F0866D422,0,1723216080,,1723216080,,{ },Staten Island,Midland Beach,Soccer and football,2021-08-08T00:00:00,2021-08-15T00:00:00,0,0,0,0,0,0,0,0
row-9bj9-4rm9_gxem,00000000-0000-0000-E137-9AE98BF685C1,0,1723216080,,1723216080,,{ },Brooklyn,John J Carty Playground,"Basketball, Volleyball, Pickleball, Street Hockey, Football, Soccer, Team Handball, Youth Strength, Frisbee, Senior Fitness.",2021-08-09T00:00:00,2021-08-13T00:00:00,0,33,27,23,11,13,0,107
row-z6z8-r99b-8iz6,00000000-0000-0000-41CD-65AD20A89475,0,1723216080,,1723216080,,{ },Bronx,Williamsbridge Oval,"Baseball, Volleyball, Soccer, Football, Tennis",2021-08-09T00:00:00,2021-08-13T00:00:00,0,31,48,37,17,97,0,230
row-a328_7y64-abdy,00000000-0000-0000-C16F-D32A9EFE851D,0,1723216080,,1723216080,,{ },Staten Island,CPL. Thompson Park,"Soccer, kickball, pickleball, basketball, football",2021-08-03T00:00:00,2021-08-05T00:00:00,0,0,40,0,32,0,0,72
row-pjtv_6iu6.mz45,00000000-0000-0000-FB4F-2AEFFC88E10F,0,1723216080,,1723216080,,{ },Bronx,Williamsbridge Oval,"Volleyball, Football, Baseball, Soccer, Tennis",2021-08-02T00:00:00,2021-08-06T00:00:00,0,35,61,29,22,25,0,172
row-pbkr_x93n~24bx,00000000-0000-0000-3693-6C603F680CE0,0,1723216080,,1723216080,,{ },Brooklyn,John J Carty Playground,"Basketball, Volleyball, Pickleball, Street Hockey, Football, Soccer, Team Handball, Youth Strength, Frisbee, Senior Fitness.",2021-08-02T00:00:00,2021-08-06T00:00:00,0,49,68,71,33,27,0,248
row-sm9w.z7q3~7cd8,00000000-0000-0000-B510-9596B136269D,0,1723216080,,1723216080,,{ },Staten Island,CPL. Thompson Park,"Basketball, Kickball, Frisbee, Sports drills",2021-07-27T00:00:00,2021-07-29T00:00:00,0,0,25,0,30,0,0,55
row-sxyr_mfrj~bfrb,00000000-0000-0000-9EA8-F9018254BF54,0,1723216080,,1723216080,,{ },Bronx,Williamsbridge Oval,"Baseball, Soccer, football",2021-07-26T00:00:00,2021-07-30T00:00:00,0,37,37,44,0,0,0,118
row-k5fv_duig~srmi,00000000-0000-0000-FEAE-D98015D8A2AA,0,1723216080,,1723216080,,{ },Brooklyn,John J Carty Playground,"Street hockey, basketball, team handball, youth strength, kickball, volleyball, pickleball, soccer, frisbee, football, biking, carnival games, football, senior strength",2021-07-26T00:00:00,2021-07-30T00:00:00,0,46,44,57,47,51,0,245
row-f9ce_ewvu_cczd,00000000-0000-0000-D25A-C2DBBA657936,0,1723216080,,1723216080,,{ },Staten Island,CPL. Thompson Park,"Football, Basketball, Kickball, Sport drills",2021-07-20T00:00:00,2021-07-22T00:00:00,0,0,40,0,28,0,0,68
row-aduh.mvah_hr9f,00000000-0000-0000-A4D6-037EDCBF9323,0,1723216080,,1723216080,,{ },Queens,Real Good Playground,"Basketball, Soccer",2021-07-27T00:00:00,2021-07-27T00:00:00,0,0,12,0,0,0,0,12
row-ddzh.8nmi~i7qg,00000000-0000-0000-A522-623E3C248B0E,0,1723216080,,1723216080,,{ },Queens,Mafera Park,"Basketball, Flag football",2021-07-22T00:00:00,2021-07-22T00:00:00,0,0,0,0,19,0,0,19
row-zjc9~v88n-u9uv,00000000-0000-0000-8DEA-3A3DFEC2C923,0,1723216080,,1723216080,,{ },Queens,Electric Playground,"Basketball, Flag football",2021-07-21T00:00:00,2021-07-21T00:00:00,0,0,0,5,0,0,0,5
row-437k_nzw2.2yu3,00000000-0000-0000-D125-9911D08D0EAD,0,1723216080,,1723216080,,{ },Queens,Real Good Playground,"Basketball, Soccer",2021-07-20T00:00:00,2021-07-20T00:00:00,0,0,10,0,0,0,0,10
row-ic9s-vkky-sja2,00000000-0000-0000-686F-2D8AB692AB05,0,1723216080,,1723216080,,{ },Queens,Mafera Park,"Basketball, Flag football",2021-07-15T00:00:00,2021-07-15T00:00:00,0,0,0,0,20,0,0,20
row-x7yg-h48r~ge2e,00000000-0000-0000-7213-8C91FC204994,0,1723216080,,1723216080,,{ },Queens,Real Good Playground,"Basketball, Flag football",2021-07-13T00:00:00,2021-07-13T00:00:00,0,0,15,0,0,0,0,15
row-gr7n~syq9_uq3y,00000000-0000-0000-5ABC-5617371BB44E,0,1723216080,,1723216080,,{ },Queens,Electric Playground,"Basketball, Flag football",2021-07-14T00:00:00,2021-07-14T00:00:00,0,0,0,10,0,0,0,10
row-2388-d74r-igea,00000000-0000-0000-6693-02A6910B8390,0,1723216080,,1723216080,,{ },Queens,Mafera Park,"Basketball, Soccer",2021-07-08T00:00:00,2021-07-08T00:00:00,0,0,0,0,20,0,0,20
row-sfqw.8wiz~m5ma,00000000-0000-0000-13AE-6A0B51ED61E5,0,1723216080,,1723216080,,{ },Queens,Electric Playground,"Basketball, Soccer",2021-07-07T00:00:00,2021-07-07T00:00:00,0,0,0,15,0,0,0,15
row-yd42~2zkw.u9uv,00000000-0000-0000-D749-D69F786E4A01,0,1723216080,,1723216080,,{ },Queens,Real Good Playground,"Basketball, Soccer",2021-07-06T00:00:00,2021-07-06T00:00:00,0,0,20,0,0,0,0,20
row-zx3t-3sqm~4hea,00000000-0000-0000-45FB-D72DF9E7B412,0,1723216080,,1723216080,,{ },Brooklyn,John J Carty Playground,"Street hockey, basketball, team handball, youth strength, kickball, volleyball, pickleball, soccer, frisbee, football, biking, carnival games, football, senior strength",2021-07-19T00:00:00,2021-07-23T00:00:00,0,41,43,45,56,51,0,236
row-2m88_s3pb-mh4t,00000000-0000-0000-120F-AA27613B6A66,0,1723216080,,1723216080,,{ },Bronx,Williamsbridge Oval,"Tennis, Football, Hockey, Track & Field, Dodgeball",2021-07-19T00:00:00,2021-07-23T00:00:00,0,36,34,29,31,23,0,153
row-73dc~xtmt-p4rq,00000000-0000-0000-AE80-8D8467B4526E,0,1723216080,,1723216080,,{ },Staten Island,CPL. Thompson Park,"Basketball, Soccer, Dodgeball",2021-07-13T00:00:00,2021-07-15T00:00:00,0,0,35,0,40,0,0,75
row-ix4a~p7ua.rpgm,00000000-0000-0000-D6AB-6DA491CE8EE7,0,1723216080,,1723216080,,{ },Brooklyn,John J Carty Playground,"Street hockey, basketball, team handball, youth strength, kickball, volleyball, pickleball, soccer, frisbee, football, biking, carnival games, football, senior strength",2021-07-12T00:00:00,2021-07-16T00:00:00,0,47,71,73,34,51,0,276
row-j9c7_v5jp-4bin,00000000-0000-0000-F2C7-E8696EC5C359,0,1723216080,,1723216080,,{ },Brooklyn,John J Carty Playground,"Street hockey, basketball, team handball, youth strength, kickball, volleyball, pickleball, soccer, frisbee, football, biking, carnival games, football, senior strength",2021-07-05T00:00:00,2021-07-09T00:00:00,0,0,20,39,34,31,0,124
row-w6ut_3mv8-xsmf,00000000-0000-0000-4CB4-6C06B4267721,0,1723216080,,1723216080,,{ },Bronx,Williamsbridge Oval,"Street Hockey, Baseball, Fitness, Soccer, Track & Field",2021-07-05T00:00:00,2021-07-09T00:00:00,0,35,22,0,50,25,0,132
row-nfvr~a6qn_i3pd,00000000-0000-0000-1D91-C14F0CE9ED44,0,1723216080,,1723216080,,{ },Bronx,Williamsbridge Oval,"Football, Baseball, Soccer, Hockey",2021-06-28T00:00:00,2021-07-02T00:00:00,0,23,25,10,22,19,0,99
row-hhiw_9i2j-93nu,00000000-0000-0000-12DF-A0C2A3C201A0,0,1723216080,,1723216080,,{ },Bronx,Williamsbridge Oval,"Football, Fitness, Hockey, Baseball, Soccer",2021-06-21T00:00:00,2021-06-25T00:00:00,0,27,22,19,28,24,0,120
row-sydu_8g9n-du96,00000000-0000-0000-D6C0-539013DA3142,0,1723216080,,1723216080,,{ },Bronx,Williamsbridge Oval,"Football, baseball, fitness, hockey, soccer",2021-05-17T00:00:00,2021-05-21T00:00:00,0,10,15,11,8,6,0,50
row-3jk6.fiem.e7af,00000000-0000-0000-0666-B04840B89A40,0,1723216080,,1723216080,,{ },Bronx,Williamsbridge Oval,"football, baseball, hockey, soccer fitness",2021-05-24T00:00:00,2021-05-28T00:00:00,0,21,21,27,20,16,0,105
row-irra.casg.vvir,00000000-0000-0000-F55A-A20E261D7438,0,1723216080,,1723216080,,{ },Bronx,Williamsbridge Oval,"Football, baseball, hockey, fitness, track & field",2021-05-31T00:00:00,2021-06-04T00:00:00,0,25,27,30,22,24,0,128
row-iewt_wswt_ttxn,00000000-0000-0000-7609-2180730C1E0D,0,1723216080,,1723216080,,{ },Bronx,Williamsbridge Oval,"Hockey, Football, Baseball, Fitness, soccer",2021-06-07T00:00:00,2021-06-11T00:00:00,0,20,23,25,23,22,0,113
row-ju6x_frq3.cqb8,00000000-0000-0000-9972-97B3732895CD,0,1723216080,,1723216080,,{ },Bronx,Williamsbridge Oval,"football, soccer, hockey, baseball, track",2021-06-14T00:00:00,2021-06-18T00:00:00,0,26,29,30,28,29,0,142
